name,age,street,city,state,zip,lng,lat
Jenna Morgan,33,317 Amanda Pines,Port Douglas,Washington,90540,6.239324,82.924952
Michael Anderson,37,86897 Cooper Vista Apt. 803,Vanessaton,Mississippi,22343,-41.347978,-33.1954035
Amanda Alvarez,18,55963 Davis Spring Apt. 360,Jasonland,Idaho,18603,145.126961,-14.4116875
Jacqueline Norris,56,543 Mary Hill Apt. 994,New Andreburgh,Oklahoma,79900,24.885753,-79.6654785
Andrew Lopez,18,137 Jerry Divide Apt. 254,East Erin,Pennsylvania,19686,6.003035,-66.235487
Paige Price,41,3378 Kevin Court,North Kevinton,Missouri,41034,-28.737702,17.581486
Tracy Peterson,21,0365 Garcia Spurs,New Dawnville,Minnesota,88926,130.223861,75.215893
Krista Bolton,40,6849 Steve Ports,Melindachester,Delaware,94093,-74.998645,-54.4727785
Mark Martinez,64,40582 George Spurs Suite 399,Bennettside,Kentucky,40896,-139.039326,-60.8977895
Jamie Merritt,41,267 Cooper Isle Suite 752,Port Kevin,Mississippi,55918,-144.798861,81.1151025
Adam Day,66,5805 Duncan Roads,South Melanie,Alabama,55207,-2.437826,-55.7206835
Leslie Jackson,18,4861 Tucker Via,South David,Louisiana,17151,131.515821,63.068408
Jeffery Grant,72,9355 Trujillo Mill Apt. 561,Lake Valerieborough,Kansas,28199,-80.367874,55.725059
Ryan Ramirez,25,2462 Kristen Island,South Jason,Missouri,74576,115.519157,29.020184
Steven Parker,34,613 Luis Road Suite 422,Francisland,Washington,85452,126.406855,-17.6311165
Craig Castro,44,11002 Jason Springs Apt. 688,New Carol,Missouri,58764,178.653994,48.3655715
Carlos Cohen,73,053 Catherine Orchard Suite 345,Juliabury,Tennessee,85305,-36.154707,25.9807135
Mark Cervantes,65,176 Perez Forks Apt. 116,West Daniel,Hawaii,62881,93.356618,22.055107
Emma Jackson,57,654 Maria River Suite 370,Tateview,Idaho,50698,-30.075094,-1.700926
Sheila Hartman,57,630 Shannon Landing,Tranland,Connecticut,75819,122.926830,-80.2523335
Justin Holland,29,22630 Ortiz Grove,Jenniferburgh,Ohio,32185,62.111616,52.7997645
Robert Stevens MD,76,71534 Jacob Pines Suite 371,Ericberg,West Virginia,27083,-159.104124,-22.8373565
Shawn Cooper,78,090 Robbins Groves,Sanchezland,Alabama,85109,57.589428,88.140341
Brenda Evans,21,768 Rowe Heights,Crystalview,Alaska,46387,139.089424,-31.1031455
Raymond Lee,41,4058 Bruce Views Apt. 391,North Jeremy,Florida,77484,-67.907720,33.1412645
Ronald Mendez,56,99833 David Parkway,Alexanderville,Kentucky,50340,-20.049835,72.1506835
Michele Mcintosh,75,433 Carson Land Apt. 000,Sherrichester,Wyoming,14596,106.616436,-62.338257
Courtney Clark,21,4297 Meadows Burgs,Julietown,Kentucky,10655,-75.214389,5.4074115
Paul Harris,67,7294 Thompson Squares Suite 892,Samanthaberg,Rhode Island,30908,-31.173069,-73.285269
Chad Wiggins,46,6448 Jeffrey Drive Apt. 864,New Elizabeth,Montana,08567,93.693505,76.2988555
Maria Moore,68,7051 Molina Summit,South Martinport,Utah,60169,92.345361,59.326056
Mr. Alejandro Salazar,69,197 Lawrence Mount,Ricardoville,New Jersey,76757,170.707672,-61.384531
Sarah Mccarthy MD,66,0777 Williams Walk,New Kyle,Massachusetts,30993,-8.481803,-61.870524
Cheryl Bennett,48,284 Bates Cove Apt. 912,Orrview,Montana,62801,-131.266770,46.5843595
Ashley Ortiz,80,9734 Fisher Ferry Suite 092,Sharonland,Indiana,56599,-130.861830,42.7616845
Crystal Stone,51,56398 Lawson Road Apt. 048,South Martin,North Carolina,74685,116.170948,84.3992695
Michael Moore,28,187 Mcclure Tunnel Apt. 599,Lake Michael,North Carolina,83576,25.948128,-87.0773005
Cynthia Morrison,68,2621 Christensen Brooks,East Tyler,Wisconsin,07590,-10.951279,31.405184
Dean Cabrera,44,78588 Cole Stream Apt. 922,West Javierhaven,Florida,87473,-4.614504,44.1165195
Rachel Bowman,69,03512 Grant Isle Apt. 091,South Nicole,New Jersey,78767,-126.915654,-83.5861445
Tyler Bell,24,5175 Kari Common Apt. 781,North Meghanbury,Utah,59372,165.245628,83.1194375
James Mccormick,76,1249 Parks Plaza,North Kellyview,North Carolina,54070,-142.151322,56.330471
Carolyn Kelly,35,286 Kelly Forks Apt. 905,Watkinsmouth,Rhode Island,77939,-177.819789,21.715418
George Chandler,74,60768 John Cove,Davisfort,North Carolina,90089,-26.001323,-39.9596515
Dana Rodriguez,72,2827 Petty Lights Apt. 802,Diazberg,North Dakota,07528,121.953529,-31.4786455
Justin Vaughn,63,8556 Keith Flats Apt. 299,South Kimberly,Oregon,54032,-171.724850,-28.292803
Kenneth Jones,68,5689 Douglas Extensions,Morenotown,Iowa,06804,18.082129,-85.183185
Frank Davis,48,33824 Emily Inlet,Mckeehaven,Connecticut,08161,87.556468,-75.194946
Kaitlin Gallegos,73,913 Roberta Squares Suite 645,North Elijah,Texas,72232,54.573314,-67.0630465
Emma Gallagher,29,84129 Rodgers Shoals,West Thomasview,Montana,30284,32.962203,29.689423
Joshua Rios,65,329 Anderson Tunnel Suite 258,New Jennifer,West Virginia,81774,45.695291,-38.119875
Debra Hardy,35,0779 Lang Fall,West Sherry,Maryland,03191,-46.169401,36.869908
James Johnson,25,7181 Lindsey Walk,Erikamouth,Colorado,17679,35.221466,-83.4840285
William Glass,45,252 Campbell Cliff,New Troymouth,Mississippi,44379,152.223835,54.685695
Sarah Evans,75,3345 Douglas Glen Suite 633,Lake Nicole,Massachusetts,84027,-44.169212,18.852149
Joseph Dodson,25,04775 Cindy Port,Port Charlene,California,04627,-11.361547,-64.4846455
Ernest Carlson,19,06754 Christopher Spur,North Robert,Pennsylvania,27796,-106.230283,65.254332
Joseph Diaz,42,8381 Robertson Crossroad,Lake Gabriel,Virginia,42318,145.051637,60.839239
Joseph Smith,43,349 Dylan Ways,Steelemouth,Connecticut,63421,-132.532704,-23.354728
Joel Finley,27,630 Gutierrez Fields Suite 601,Brandystad,Hawaii,57041,-45.149140,10.032516
Steven Scott DVM,55,5208 Kathleen Corner,South Kimberly,North Dakota,88271,-133.754765,-11.6579775
Michael Joseph,36,496 Laura Pines Suite 805,Pruitttown,Iowa,77862,132.120676,1.5632545
Adam Hunt,77,9012 Michael Junction,Matthewville,South Carolina,97443,-70.138859,-33.277979
Jennifer Lara,71,83113 Stacy Glens,Mariestad,Rhode Island,09940,-162.806223,-11.6355055
Ryan Jones,62,31391 Mckenzie Groves,New Michaelberg,Wisconsin,20625,-147.423005,-70.960205
Eugene Murphy,51,68976 Kimberly Villages,Johnsonmouth,Montana,23466,30.757773,-74.0966705
Jessica Brooks,44,38098 Francisco Courts Apt. 621,Brookestad,Wyoming,04529,-167.238752,7.540383
Samantha Stone DDS,48,24908 Wiggins Forge Suite 034,East Edwardburgh,Wisconsin,15511,57.508608,8.743848
Heather Woods,67,50006 Richardson Hollow Apt. 981,New Davidport,Georgia,19991,4.110163,-22.4681125
Stephen Mora,63,714 Smith Throughway Suite 549,Sarahstad,Hawaii,44894,98.734330,75.9785535
Deborah House,52,5891 Holmes Crossroad Suite 285,Lake Christina,Iowa,11094,-68.321978,41.3837505
James Clark,57,8719 Cordova Hills Suite 966,North Jasonmouth,Missouri,33342,176.462179,-16.3294165
Briana Deleon,73,69754 Rivera Glens Apt. 118,Chadchester,Ohio,52901,0.011254,-59.545827
John Klein,45,730 Denise Stravenue,North Melissa,Georgia,11411,17.872906,-35.1910385
Kendra Young,20,375 Beck Villages,Edwardsfort,Mississippi,73457,122.418333,-64.0271395
Patrick Trujillo,72,27883 William Points Apt. 832,Dunnside,Arkansas,18214,67.582624,-88.4998915
Megan Little,19,80182 Miller Plain Apt. 181,Harryland,Colorado,05812,119.485471,-36.1944165
Jonathan Baldwin,30,4474 Amy Roads Suite 518,West Ashley,Arkansas,08196,140.068530,46.1012145
Gregory Armstrong,33,287 Lisa Stream,Michaeltown,Delaware,12236,-152.046414,-24.7979605
Debra Clark,74,4548 Christopher Pine Apt. 590,New John,Illinois,91210,-140.850387,-33.2744815
Robert Gordon,34,018 Connie Square,East Michael,Oklahoma,51772,-155.517541,-80.924338
Scott Armstrong,61,208 Soto Fall,Port John,Kentucky,16236,5.480209,70.199569
David Sanchez,20,94470 Connie Point Apt. 276,South Jamiehaven,Wisconsin,30374,-5.047929,81.292087
Karen Hill,45,04188 Alexander Fords Apt. 790,Jenniferside,Nebraska,30806,-78.954735,82.861679
Tony Taylor,59,142 Foley Trace Suite 155,Colonshire,Wisconsin,57804,-99.490770,58.956202
Antonio Washington,29,6741 Mcgrath Summit,West Nicole,Maryland,92520,-11.182723,19.421775
Michelle Reyes,79,98831 Craig Ramp Apt. 265,Port Alvinberg,Hawaii,49331,116.964117,-1.2095265
Tonya Richmond,77,0744 James Courts,North Teresatown,Kentucky,33613,-26.556223,-21.4885105
Roger Reed,31,798 Miller Drive,Port Robert,South Carolina,25444,-3.098316,-13.677011
Stephanie Delgado,35,5783 Pena Inlet,Amandatown,Delaware,46137,71.870172,33.426629
Erika Walker,34,27665 Mary Lights Suite 513,Port Monique,Maine,98890,48.074953,-19.0216245
Rachel Mays,32,451 Dixon Rapid,Dunnshire,Michigan,15438,-4.980807,34.959084
Barbara Martinez,54,483 Koch Shoal,Port Samuelshire,Nevada,66245,-81.184650,8.2308605
Robert Carpenter,50,013 Sharon Ridge Suite 961,Lake Kathrynburgh,Oklahoma,55904,-148.103139,-34.149182
Jason Howe,68,051 Potts Dam Apt. 869,Port Kevin,Alabama,85725,11.516049,-84.902373
Christine Cook,25,634 Soto Radial,Davisport,Texas,46895,-44.565798,-85.838316
Christina Robinson,73,86850 Dawn Island Apt. 551,Port Jeremyport,Connecticut,72906,157.868937,78.751728
Jennifer Smith,22,778 Devin Forge,New Cheryl,Pennsylvania,88492,172.233896,-70.746985
John Tucker,76,5638 Robinson Dam Apt. 325,Burgessland,Arizona,91899,155.661020,89.427559
Rebecca Daniel,31,628 Alexis Brooks,East William,South Carolina,73316,-40.786352,67.744866
Natalie Moore,67,557 Connie Motorway Suite 772,New Kristine,Ohio,77569,-98.340636,-78.676469
Heather Hill,78,81220 Rivera Summit,Port Timothyberg,Pennsylvania,20767,-157.674146,-75.845928
Leonard Doyle,77,346 Robert Dam Apt. 838,Westfurt,New Hampshire,06494,120.762383,3.7589095
Chris Browning,59,83043 Moore Circle Suite 818,Lake Andreaburgh,West Virginia,72617,45.395655,5.109124
Robert Terry,21,6868 Kelly Lock,Hunterton,Idaho,45028,-59.204981,34.658071
Scott Hart,52,7115 Tammy Neck Suite 996,Bethtown,Maine,61165,81.330323,-57.122080
Edward Harper,61,312 Deborah Glens Suite 476,Delgadoshire,Florida,46999,-137.034066,52.621075
Michael Williams,49,56844 Joshua Rapid,Rebeccachester,Idaho,66667,162.096452,37.796401
Susan Cox,75,91194 Ryan Expressway Suite 642,Ortegachester,Rhode Island,44172,90.646885,-88.385068
Fernando Waters,24,1674 Diana Drive Apt. 695,South Isabella,Wisconsin,60567,172.884014,-37.6913845
Robert Whitaker,63,025 Hall Fort Suite 177,Barreraside,Michigan,46580,6.371430,83.1662395
Emily Clarke,50,51261 Hoffman Trafficway Suite 398,Jamesborough,Alaska,70470,25.297903,-57.667456
Katherine James,75,68812 Pamela Lane Apt. 226,Emilyview,Nevada,20844,54.145253,-44.5012135
Alexis Wu,41,61631 Diaz Estate Suite 323,Fishertown,Pennsylvania,26921,6.501991,59.1781385
Ashley Watson,70,5385 Jones Port,Littlebury,Missouri,70148,-45.656103,-33.3242735
Debra Erickson,44,4884 Simmons Extension,North Billyview,Colorado,92651,141.834229,83.3376685
John Spence,46,075 Steven Groves Apt. 041,Carlosview,Illinois,51329,71.865834,-32.417428
Douglas Harrison,37,568 Olson Dam,South Brandonland,Alaska,93097,37.424817,15.2001575
Tammy Washington,26,289 Jose Squares Apt. 857,East Aaron,Virginia,48384,-73.195371,7.3155295
Brian Hodges,73,28198 Brooke Parkways,Lake Emily,Minnesota,31221,24.507310,19.3505565
William Perez,38,703 Michael Crossroad,Port Anthony,Michigan,70731,-157.262300,20.6826375
Anthony Stewart,55,54540 Reynolds Street,Turnerton,Minnesota,91252,-24.501784,13.584425
Thomas Foster,54,000 Philip Flat,Lake Jasonville,Pennsylvania,90988,156.853044,-23.1537025
Samantha Williams,46,415 Johnson Greens,New Cynthiafort,New Mexico,32839,51.785492,65.7347475
Jason Bailey,80,75509 Mercado Drives,North Austinhaven,Missouri,01413,165.321274,-25.680914
Jesse Flores,51,845 Isaac Ridges,Pamelaborough,Michigan,73875,11.603514,89.7595715
Robert Lewis,60,578 Hannah Canyon Suite 555,Lake Jeremy,Nevada,38577,122.550782,58.7252655
Teresa Mercado,24,63235 Melody Views,Aliciafurt,Oregon,35263,-147.525018,80.2714215
Peter Moore,61,64369 Young Forks Suite 523,North Danielstad,Arizona,58022,-44.852532,-57.428712
Travis Adams,49,2188 Mendez Creek Suite 283,Randalltown,Indiana,79068,154.533938,83.7011995
Mr. James Krause,19,2197 Wilcox Track Apt. 984,Matthewton,Iowa,23273,107.167708,77.532755
Carolyn Chavez,39,567 Fisher Mall Suite 334,Lake Jodi,Oklahoma,30057,95.952319,36.3649265
Eric Bautista,19,691 Brian Trail,Kinghaven,Wyoming,70248,-91.956929,-40.924088
Anthony Brewer,19,849 Morris Lodge Suite 487,Port Matthew,Florida,66521,138.322655,-35.4336215
Brian Hendricks,30,97351 Anthony Mission Apt. 386,New Dylan,Maryland,46490,-127.750626,64.3242315
Scott Ward,22,6209 Teresa Drive Suite 854,Pattontown,Maryland,04824,158.977573,55.048948
Amanda Roberts,57,11636 Hammond Run,West Brian,Arizona,31012,1.226580,-75.313408
Paige Andrews,25,12860 Walters Stream,Hickston,Massachusetts,20454,-162.875694,49.444396
Alexander Smith,46,1646 Wolfe Glen Apt. 834,East Markstad,New Hampshire,09873,152.815610,39.962128
Elizabeth Tucker,53,3632 Harrison Camp,Port Kara,Rhode Island,12776,-163.616397,-73.8934555
Tonya Walker,73,511 Graves Tunnel Suite 759,West Sheliaburgh,Georgia,80000,-162.869669,-88.7333665
Anne Avila,38,35756 Bradley Pass,Calvinburgh,Virginia,78888,129.254402,-7.574989
Kevin Wright,26,143 Michele Hollow,Hartmanstad,West Virginia,83118,105.907133,18.898494
Hailey Jordan,65,6938 Veronica Station Suite 220,South Jamestown,Hawaii,91029,38.402381,69.0788725
Jamie Dougherty,34,59250 Daniel Mews,Alejandroville,Montana,41526,46.799716,-46.984103
Nathaniel Alexander,41,152 Rangel Bypass Suite 595,East Dwayne,Michigan,77299,-106.647034,-73.925346
Henry Larson,54,3194 Miller Shoals,Johnhaven,Colorado,20378,82.407262,46.000485
Miguel Lester,56,12183 Stuart Station,Robertsmouth,California,73094,-166.340156,-81.007632
Russell Lucas,22,6903 Jenkins Center Suite 576,New Michaelmouth,Texas,56924,16.047267,-60.600640
Amber Juarez,70,38476 Catherine Fields Suite 143,Laceystad,Massachusetts,35445,-42.362493,83.3006765
Willie Ramsey,56,6675 Diaz Canyon,Cartertown,Maryland,57859,131.237489,-25.8041635
Francisco Estes,52,41881 Curtis Port,East Rachelshire,Maryland,38410,104.628729,47.3152145
Brittany Duran,23,20581 Kelly Ferry Apt. 409,Hernandezville,Delaware,03365,-28.363529,-9.038033
Laura Aguirre,50,9338 Luna Trafficway,Welchstad,Florida,62403,116.345423,-78.5803035
Amy Larsen,24,9821 Angela Neck,Ronaldbury,Nebraska,47641,-30.041118,32.2476955
Theresa Jones,39,254 Lopez Pine Apt. 236,South Amanda,Iowa,01744,45.137941,11.8841665
Robert Gordon,69,749 Richard Mills,West Bryan,Mississippi,11424,37.980216,17.723972
Adrian Fisher,61,9025 Boyer Crossroad Apt. 896,New Alishachester,South Dakota,30776,-68.366390,55.339470
Rachael Roach,47,9245 Perez Loop Apt. 886,Sheilaport,Delaware,93600,33.636095,65.9442335
Annette Bradshaw,21,5769 Sydney Springs,New Kevinborough,Minnesota,49063,-179.477692,7.5010085
Steven Marshall,38,96318 Rachael Mission,Lake Judith,Rhode Island,64575,-99.757325,64.868824
Krystal Anderson,18,4282 James Ridges,North Chelseyshire,Illinois,10678,-178.408358,2.6242175
Catherine Kaiser,80,777 Taylor Alley Apt. 934,West Michael,Wyoming,43003,71.853947,-74.4568145
Seth Johnson,54,1097 Bryan Highway Suite 877,Seanstad,Florida,12541,-116.366583,42.693143
Sara Horn,58,287 Bishop Canyon Suite 049,New Christopherville,Missouri,48140,94.795448,-0.924012
Albert Pierce,52,4429 Nicole Mountains,North Pamelaberg,North Carolina,13018,-86.368609,11.0050595
Michael Rivas,48,2979 Meyer Street,East Juanfort,Ohio,45408,-82.355353,-30.435414
Vanessa Stewart,28,00078 Renee Road,Nathanmouth,Louisiana,86896,162.267295,49.513761
Timothy Martinez Jr.,48,304 Howard Junctions,East Phyllisport,Massachusetts,00900,-48.310532,-39.624629
Francisco Brewer,26,15047 Cheryl View,Meganstad,West Virginia,77905,-126.154211,-81.842720
Kevin Atkins,58,40528 David Throughway Apt. 562,Hooverfort,Maryland,55751,-156.416480,61.5448825
Tamara Delacruz,62,4142 Williams Passage Suite 105,Jenningsburgh,Illinois,12495,25.981414,-18.983977
Travis Gould,47,6267 Adam Alley Suite 865,North Vernonbury,Pennsylvania,77271,87.724886,-84.690388
Steven Curtis,40,9769 Joe Street Suite 551,West Regina,Wyoming,85592,-58.280699,51.9667025
Christopher Contreras,65,1465 Arnold Port Apt. 169,East Georgetown,South Dakota,42310,-10.588529,64.1596665
Courtney Thomas,31,1524 Nicole Spur,Jensenview,Wisconsin,57791,60.604880,70.0874575
Robert Hunter,72,1285 Hoffman Squares,Port Laurie,Illinois,40043,18.105384,78.778379
Brandi Mann,38,50932 Dean Haven,South Michael,Florida,01906,-145.815423,-3.5038745
Amber Parker,37,77562 Sandra Island Apt. 853,Cartertown,Arizona,60383,-124.053718,-78.8178145
Joseph Woodward,26,49038 Lee Harbors Suite 149,Port Ericaland,California,08276,86.368919,9.286649
Allen Thompson,30,26652 Johnson Wall,Port Johnberg,Tennessee,16844,179.414106,-19.0512885
Ronald Livingston,26,64751 Melanie Dale Apt. 984,New Jonathantown,Mississippi,60335,66.513588,86.722919
Kenneth Nelson,32,201 Cobb Court Suite 244,Lake Amymouth,Oklahoma,25411,-99.510177,5.1179205
Chad Barrera,61,54090 Jason Forge Suite 604,Ericaview,Maine,24537,107.766783,-63.5196025
Clayton Davis,60,721 Keith Streets Suite 317,North Isaactown,Illinois,46491,89.182846,-47.9831015
Austin Ramirez,28,15505 Amy Well Suite 282,West Kellystad,Montana,76165,-130.076514,11.5004745
Sierra Thompson,61,25199 Claudia Branch,East Stephanie,Oklahoma,93769,95.420876,23.505795
Ryan Barajas,62,4578 Anderson Gateway Suite 007,New Alexanderhaven,Delaware,77484,5.997862,77.809250
Dr. Jordan Martinez,28,667 Smith Terrace Suite 787,Theresashire,Minnesota,30487,69.797987,3.7076645
Veronica Lewis,40,000 Sean Keys Apt. 441,South Robertmouth,Wyoming,82939,43.368171,-74.662485
Marie Chan,72,8710 Jones Bypass Suite 231,Jamesmouth,Florida,18734,-7.255261,-59.754621
David Bush,63,6963 Shannon Mews Apt. 221,Murphyfurt,Alabama,70993,0.943140,-61.8854255
Michelle Bowman,76,232 Ross Orchard,Wesleybury,Massachusetts,27452,-31.603433,-36.7422885
Tracy Barton,23,7423 Michael Oval,Priceshire,Arkansas,82979,107.703182,87.3123775
Heidi Blackburn,52,81989 Dustin Streets,South Bryanhaven,Nevada,57045,-34.591631,-48.2646345
Sara Wells,68,884 James Plain,Kristenstad,Hawaii,65083,27.430322,-9.174033
Devin Hall,76,67039 Becky Alley Apt. 300,Higginsmouth,Arkansas,67952,175.136588,-15.848338
Gary Brown,20,24703 Christensen Harbors Apt. 464,North Phyllis,Nebraska,87592,-26.352843,35.0830375
Scott Morris,47,53986 Dyer Course,Kennedymouth,New Jersey,35059,-75.199143,-17.5753845
Howard Estrada,64,0514 Valerie Burgs Apt. 487,Batesfort,Alaska,00813,-159.183652,78.8511825
Richard Juarez,24,39276 Perez Union Apt. 656,Olsenmouth,Colorado,68838,-153.219825,80.1756575
Jennifer Castillo,66,095 Gonzalez Grove,Jonesmouth,Delaware,10888,-2.608768,54.3216225
Brandon Jones,40,36774 Marissa Trafficway,East Laurie,Arizona,85852,-169.324579,85.005933
David Alvarado,34,03722 Johnson Court,Port Justin,Kentucky,57196,51.633616,-63.3140925
Angela Young,76,7170 Laura Isle Suite 970,South Madison,Washington,86977,-105.176987,86.0566575
Brian Kramer,60,0486 Flowers Crossroad,East Susan,Mississippi,13119,17.194609,51.038407
Lori Holt,53,9487 Daniel Squares,Becktown,Georgia,56685,-156.198818,-13.5960185
Joshua Marsh,21,91959 David Mount,Gutierrezmouth,North Dakota,75812,-93.228081,-83.4612855
Robert Thomas,43,944 Hobbs Shoals,Perryland,Alaska,15696,-41.150509,-54.153254
Lisa Ramirez,46,20908 Martin Spurs,New Jorge,Colorado,13613,-166.668964,78.9700695
Pamela Jones,36,8714 Anderson Burgs,Lake Daniel,Ohio,25339,-134.985483,80.460794
Kelly Williams,62,37873 Gonzalez Land,Castanedamouth,Idaho,02221,167.576304,88.104346
Meghan Lee,34,21344 Maddox Parkways,Bryanfurt,New Mexico,07998,38.668128,19.828186
Sandra Wallace,76,583 Taylor Isle,West Sheilafurt,Michigan,71888,-3.589620,19.3911165
Robert Holt,53,9340 Young Junction,Montesstad,Hawaii,12949,98.855451,54.8606045
Paul Gonzales,60,358 Laura Falls,Glennview,Vermont,72073,-160.421943,34.4125025
Michael Rios,78,3740 Eric Brooks Apt. 638,Austinborough,Massachusetts,38590,38.764576,2.4789185
Timothy Bright,68,8164 Amy Hollow Suite 023,East Tiffanyville,Minnesota,96686,54.081417,13.951601
Valerie Conrad,25,70441 Austin Junctions,Oliverside,South Carolina,95039,-21.111505,-63.377355
Stephanie Alexander,42,34675 Boone Point Apt. 076,North Karenhaven,Mississippi,54787,-135.958082,32.2231935
Dr. Patrick Davis,72,6411 Park Summit,Caldwellborough,Missouri,09156,-11.243131,-60.858063
Meghan Dodson,64,411 Whitney Vista,New Maria,Minnesota,65844,-118.500582,-7.174970
Chelsea Hardin,67,1619 Jay Locks,Port Brandonberg,South Carolina,79515,-166.413052,37.3918885
Cynthia Preston,22,04724 Joshua Passage Suite 576,South Jameschester,California,07033,-126.900804,-81.805107
Grace Moore,30,934 Benjamin Radial,Lake Sharonmouth,North Dakota,29440,-46.032122,-3.778160
Michelle Carroll,48,0778 Hernandez Plains,South Taylorside,Oregon,93065,60.096314,-53.225510
Brian Reese,64,5870 Crawford Skyway,Lake Randy,Alaska,28590,43.899998,36.551263
Michelle Cooper,69,91320 Daniel Coves Suite 739,Theresafort,Texas,26498,-95.764361,-56.3444595
Matthew Coleman,32,76327 Hannah Islands Suite 867,Jeffshire,Connecticut,07594,1.729692,-61.300285
Ashley Caldwell,41,6035 Robertson Fork,Kevinland,Wisconsin,19002,-82.544399,-32.562723
Nicholas Munoz,56,48189 Banks Track,East Edward,Utah,04248,60.168728,-60.9162715
Kelsey Maldonado,59,1580 Jimenez Fort,East Scottbury,Wisconsin,86748,3.022972,-0.6472825
William Waters,56,31903 Michelle Gateway,Alexisfort,Oklahoma,81092,-63.396381,-5.8961455
Whitney Harris,28,14806 Walters Stravenue Suite 450,Brianview,Michigan,62757,176.031242,80.246176
Curtis Weaver,63,48687 Olsen Point Apt. 046,West Gary,Vermont,20866,-149.371687,42.2164405
Trevor Hudson,56,945 Soto Mountain Apt. 251,Davidburgh,Florida,37503,-126.080308,11.372387
Thomas Bates,33,857 Kimberly Stravenue,New Derrick,New Jersey,31851,-90.342431,-85.608782
Michael Hebert,65,4118 Jane Plaza Apt. 394,Tiffanyport,Louisiana,93989,177.476963,-15.7981695
Elijah Bender,65,968 Norman Knoll,East Antoniofort,Kansas,41318,-58.327919,-58.2845535
Jose Leonard,34,27630 Paige Terrace,Port Kenneth,Maryland,66252,-157.018884,66.686980
Heidi Rojas,67,50339 Russell Summit,North Nancytown,Idaho,27886,137.447605,-69.7068055
Michelle Davies,26,849 Heidi Cove,Lake Daniel,Mississippi,22794,-12.121425,-83.515297
April Kim,76,65092 Preston Stravenue,South Joseph,New Jersey,77196,-118.939269,52.3118215
Autumn Cole,66,15131 Tara Run Apt. 339,North Tinastad,Georgia,50241,-67.311731,-70.359677
Paul Blackwell,56,3528 Tracey Inlet,Davidberg,Louisiana,29239,159.465022,64.6947845
Sabrina Riley MD,66,069 Gibbs Passage Suite 093,Owenschester,Colorado,47426,63.555726,-62.6834735
Christopher Powell,20,09492 Hobbs Terrace,East Ryanborough,Tennessee,24569,-27.813782,49.6863925
Dana Preston,22,64316 Walter Motorway,North Patrickton,Idaho,90667,2.752005,19.414653
Breanna Henson,72,142 Ann Tunnel,West Ruthberg,California,66610,-130.040218,48.2124125
Michelle Gardner,77,473 Lopez Vista,Lake Debra,North Carolina,37227,-81.523722,72.719201
Jason Lee,22,8766 Jennifer Points Suite 066,Angelabury,Wisconsin,06476,54.894131,58.3930845
Eric Allen,39,978 Alexis Loaf Suite 709,Port Tiffany,California,47640,169.317206,68.741464
Andrea Miller,65,882 Andrea Ways,Lake Hollyburgh,Alabama,07394,-142.877209,-55.225211
Charles Shea,68,1363 Stuart Islands,Port Kevin,South Dakota,41489,-116.650043,19.5408715
Joseph Jones,58,5439 Lauren Ways Suite 145,Rogersstad,Tennessee,30489,159.519033,-6.3343395
Ronald Parker,79,37344 Robin Springs Suite 634,Johnfort,Georgia,70103,145.483392,-72.4928005
Michael Franklin,78,32656 Anne Trail Apt. 864,North Suzanneborough,Missouri,52252,23.598167,81.7148395
Roger Bright,52,8302 Hughes Ways Apt. 457,Waynemouth,North Dakota,38005,63.226261,6.454107
Michelle Romero,51,920 Monique Trafficway Suite 234,Lake Phillip,Georgia,14301,125.409871,-80.8393205
Ernest Jackson,69,96231 Daniels Green,Mariamouth,New Hampshire,56561,-49.498443,-17.3382535
Tim Rivers,26,0031 Watkins Ports Suite 428,Kaylaview,Michigan,15930,-54.459483,-41.421689
James Lopez,66,175 Carter Glen,West Samantha,Iowa,02916,44.609307,-25.537042
Antonio Blankenship,41,12149 Felicia Tunnel,Wilkersonburgh,Idaho,09435,147.024111,84.212176
Thomas Reyes,66,2028 Johnson Ports,Bendermouth,New Mexico,96414,172.430652,13.602881
Jermaine Moore,76,80105 Michael Mount,Lisaside,North Dakota,72014,0.203692,-31.683542
Kristy Richard,46,38428 John Court,Beanberg,Nevada,69515,-20.677996,35.9037535
Charles Martinez,29,68677 Frederick Locks Suite 161,Jeanland,California,39265,81.066456,-28.699287
Christopher Wiley,27,083 Holmes Field,Burtonchester,Idaho,06533,92.330045,-7.6886355
Carolyn Taylor,44,4056 Jacob Place,Lake Billyfort,Delaware,10961,75.562284,-50.7767555
Michael Smith,68,518 Paul Station,East Cliffordberg,Louisiana,30263,145.509603,53.301215
Corey Phelps,56,981 David Valleys Apt. 119,Smithport,Montana,77754,-81.105518,-49.4417025
Shawn Wilson,64,997 Williams Street Apt. 780,New Tiffany,Iowa,51274,-35.629628,-78.4608415
David Perez,69,457 Kenneth Meadow,West Juan,Oregon,74813,46.673888,71.850350
Seth Perez,62,57517 Gordon Hollow,East Henryton,New Jersey,65938,-129.107274,27.7263395
Jennifer Miller,69,546 Graves Ford,Melissahaven,Virginia,16530,-167.175923,-34.5810565
Shane Williams,35,27789 Stephen Centers,South Jonathan,Nevada,90995,-106.883540,-78.865088
Jose Fletcher,44,13238 Thompson Fords,Lake Stephanieborough,New Hampshire,70386,125.637904,45.1579755
Erin Jenkins,46,50652 Charles Hills Suite 010,West Jesseborough,Rhode Island,98391,112.398135,51.590625
Tina Castro,60,398 Laura Ramp,South Michellestad,Louisiana,23844,136.166715,-0.191478
Kathryn Patterson,36,4763 Amber Estate,Jamieborough,West Virginia,74169,124.407766,-2.8991455
Cynthia Sanders,29,4745 Kevin Drives Apt. 109,West Christinastad,Maryland,29492,125.988835,-61.420774
Matthew Lopez,25,391 Colin Corner,Ballstad,Ohio,12949,-128.266255,-70.080235
Sean Frank,42,6636 Allison Mount,North Markburgh,Virginia,75126,-63.761447,84.5515365
William Patterson,76,882 Mccann Vista Apt. 990,Cisnerosstad,South Dakota,73813,177.147372,-77.692090
Deanna Nguyen,45,9986 Richard Harbor Suite 235,Greenmouth,Wyoming,83940,-36.567921,-14.9624575
Stephanie Hall,65,21478 Gregory Summit,Jodiview,Idaho,78559,90.502258,-61.270582
Debra Harrington,41,540 Mario Center,Brooksbury,Minnesota,08990,-108.621836,-5.019921
Tracy Walker,47,772 Burns Islands,Lake Shaun,Florida,45915,-119.666033,-47.629809
Raymond Welch,23,3586 Webster Knoll,Wilsonshire,Alaska,94584,-38.688510,-75.1769765
Julie Diaz,47,495 Swanson Port,Brianmouth,Kansas,26102,0.337514,31.1202935
Jessica Carney,32,1860 Jerry Spur,East Paige,Pennsylvania,72246,-43.510374,-27.7644205
Theresa Good,78,535 Martinez Vista,Briannachester,Iowa,10809,98.917665,-16.4306475
Daniel Ayala,36,42473 Sarah Shores Apt. 345,Karenborough,Nebraska,03340,-155.297516,-77.329318
Robert Stanley,78,85076 William Estate,Michaelport,West Virginia,45385,-104.294781,-27.760507
Jasmine Johnson,24,410 Mcguire Gateway Suite 836,Donaldberg,Montana,55232,-1.988352,-23.987886
Anthony Barnett,43,0102 Porter Roads,New Erica,Alabama,22287,-56.807392,84.8362245
Jason Simmons,40,58227 Reed Underpass,Port Stephanieside,Alaska,72454,51.683403,48.2731605
Kimberly Elliott,30,9891 Gates Greens,Bowenview,Maryland,84683,-125.253267,22.883897
Joseph Marks,26,30143 Benjamin Valley Apt. 166,West Stephenstad,New Mexico,66834,-92.424974,-7.729476
Jesus Mack,26,26139 Bell Brook,Port Joseph,Colorado,30403,-138.563633,-70.4636535
John Henry,30,685 Rodriguez Plaza,Lopezshire,Missouri,65248,-18.655318,66.1046025
David Hernandez,80,43836 King Mill Suite 123,Ashleybury,South Carolina,88053,-155.080261,82.024900
Timothy Hernandez,55,868 Janet Pine Suite 823,West Jay,Oklahoma,88910,80.961624,23.431206
Jennifer Mckenzie,51,44500 Heather Points,New Charlesshire,West Virginia,97250,130.330518,69.055724
Joshua Miller,75,718 Lauren Pass,North Jaimefurt,Montana,05886,-101.845191,-53.112877
Richard Duncan,50,7062 Doyle Causeway,Lake Jessicachester,Mississippi,47000,-118.299190,82.689221
Anne Wells,39,750 Willis Ville,West Tracychester,Washington,90671,29.381380,-9.238327
Ryan Trevino,68,67604 Matthew Port Apt. 572,West Nicole,Louisiana,67692,90.931782,-38.231862
Amanda Ballard,73,81230 Todd Inlet Apt. 456,Barronhaven,Wyoming,40387,-18.171414,3.003472
Amy Wagner,72,636 Paula View,North Hayleyton,Colorado,02425,56.625406,-48.2193035
Albert Espinoza,31,91571 Cooper Gateway Apt. 041,Hoodview,Louisiana,08630,-94.038128,0.9841875
Crystal Rose,60,26681 Hayes Camp,South Caleb,Alabama,90243,-3.082554,0.169764
Elizabeth Larson,42,4028 Russell Common,Gordonland,Idaho,29361,16.012985,46.488930
Joel Hanna,75,11497 Nelson View,Schaeferburgh,Kentucky,11681,116.577771,-75.8348055
Stephen Reyes,23,63373 Lyons Plain Suite 147,Bryantville,Michigan,55471,147.199015,-56.478515
Kathleen Flores,78,869 Smith Rest,Port Jeanneville,New York,23984,-172.850939,12.0414325
Christopher White,27,87403 Chavez Burgs,New Patricia,South Carolina,22838,-96.611107,-9.109882
Jessica Yates,29,98236 Campbell Locks,North Michael,Indiana,21927,-166.820169,-77.837839
James Miranda,29,0494 Holly Island Apt. 206,South Jacobmouth,Ohio,15437,99.862634,87.550423
Gerald Schaefer,78,44919 Mejia Field Apt. 974,Mooneyborough,Mississippi,39892,106.767123,-28.074781
Holly Torres,49,7581 Oconnell Creek,Fieldsburgh,Minnesota,43646,107.728520,-52.889000
Joshua Warren,66,8123 Merritt Path,West Kimberlyville,Wisconsin,01594,63.935611,46.908824
Michael Russell,48,4378 Brenda Ville Apt. 763,Michealville,Washington,10055,170.414148,38.2097695
Cameron Mercado,27,431 Rivera Walk Suite 946,Port Amandamouth,Connecticut,42103,-69.229914,-75.7952535
Paul Navarro,54,112 Lori Ville Suite 820,Jenniferbury,Nevada,65885,-171.472614,-49.622124
Mrs. Lauren Adams,68,3161 Bryant Shoals Apt. 428,New Ronaldburgh,Texas,54420,55.205504,83.9392315
John Jones,27,980 Alexandra Mill,Crystalchester,Mississippi,40198,-173.012741,-75.457829
Samantha Rodriguez,33,303 Wilson Lodge Suite 235,Coreyton,Wisconsin,96680,-129.993935,45.638651
Jessica Miller,54,34936 Michael Court Apt. 210,Meganview,Tennessee,68502,-67.174733,-24.088549
Michelle Tyler,36,9612 Jones Rapid,New Jonathan,Wyoming,72321,-128.471245,-48.4793915
Holly Morris,80,7934 Tammy Coves Apt. 495,Thomashaven,New Jersey,54576,-137.372473,-47.141530
Brenda Garrett,29,39768 Benjamin Ramp,Silvastad,Arkansas,57993,143.406756,83.1939585
Lauren Brown,67,5278 Clark Garden,North Gloria,Virginia,88761,-130.140307,84.2709985
Joel Green,54,2944 Matthew Common Apt. 092,East Alextown,New York,96097,8.510709,-6.8624665
Walter Grant,77,389 Bryant Springs Apt. 294,West Roberthaven,Idaho,86344,-35.348055,26.2152235
Karen Brooks,55,18980 Powers Track,North Brittanyland,Kentucky,65226,105.316045,-25.451357
Ms. Natasha Little,62,654 Adams Bridge Suite 689,Jenniferport,New Mexico,37467,-39.669448,-23.2262465
Matthew Hall,68,411 Amy Streets,Charlesfurt,Massachusetts,84007,145.388082,31.132536
David Harris,21,82406 Laura Course Apt. 278,Parsonshaven,Kansas,51360,-147.664364,-36.7218875
Michael Brady,18,9042 Williams Drives,North Eric,Wisconsin,79844,-73.292410,85.364231
Beth Ruiz,78,9217 Glover Overpass,Anthonyfort,Rhode Island,80392,-113.068693,-2.292118
Mary Moss,56,437 Smith Meadows,Sandrahaven,Mississippi,47766,-46.926713,-18.274141
Ashley Carpenter,22,125 Newman Locks Apt. 720,North Michaelmouth,North Dakota,54108,-16.587694,-65.552245
Jesus Hanson,41,075 Stacey Mills,New April,South Dakota,90386,-94.579981,7.363916
Lisa Clements,61,11740 Kevin Hills,Lake Jennifer,Texas,23986,-127.560430,88.3298625
Jessica Garza,28,503 Sabrina Ford Suite 226,Juliastad,New Jersey,11575,-71.574279,80.5189775
Logan Kim,66,30789 Elizabeth Crest,Lake Martin,Kansas,22324,-106.808167,-89.193005
Taylor French,63,242 Alvarez Walk,Stephensmouth,Colorado,27178,-26.490882,2.095961
Kenneth Taylor,60,946 Malik Islands Suite 484,Bakerville,Washington,90846,-173.233422,72.7703115
Ryan Marquez,59,3644 Kirk Ford Suite 394,Lynnton,Ohio,27001,-63.540077,-43.652798
Angela Evans,28,1315 Kristina View Apt. 176,Madisonchester,New York,77334,14.280908,40.907376
Mark Jacobs,67,1408 Brendan Ridges,East Cindyland,Washington,57111,23.413502,-62.0153785
Mary Ballard,48,67113 Michael Streets Suite 353,Lake Brandonburgh,Pennsylvania,74294,-117.564176,54.524011
Sheryl Ford,66,0277 Joshua Road Apt. 064,Tapiafurt,Rhode Island,26558,-144.186430,-75.372866
Michelle Tucker,64,1296 Riley Terrace,Oscarside,North Carolina,75485,-11.815796,57.302004
Erica Hudson,47,132 Anderson Rapids Apt. 086,Port Johnny,Tennessee,85992,-111.817056,-13.072935
Charles Wagner,71,65721 Smith Crossroad,Sarahborough,Louisiana,90438,-56.067415,18.9091795
Victoria Long,73,41917 William Fork Apt. 495,Loganport,Vermont,60962,40.326100,-53.265345
Alicia Benjamin,40,71183 Anderson Plains Apt. 557,Williamsside,Georgia,85078,-8.954049,-84.323534
Diana Ellis,35,62041 Hampton Dam Apt. 630,Daniellestad,Indiana,26052,65.565244,48.0272475
Andrew May,75,7073 Gibson Trail Apt. 017,Markschester,North Dakota,49096,158.202689,28.171187
Ian Soto,60,150 Taylor Drives,Port Tinaborough,Iowa,75534,-148.103499,41.0223865
Karina Gordon,67,1604 Bates Motorway Suite 504,Williamsborough,Pennsylvania,33698,60.959555,73.005431
Lauren Huang,65,3917 Craig Corners Suite 665,Johnhaven,Colorado,04822,-22.508426,-25.346069
Dr. Lindsay Dyer,22,456 Daniel Creek,North Annette,Kansas,11880,64.279615,-8.710796
Brian Gillespie,31,718 Howard Bypass Suite 450,West Timothychester,Rhode Island,71172,98.069944,-47.0215665
Carlos White,41,150 Johnson Brooks,North Robertbury,Maine,04504,147.677093,22.353771
Jennifer Smith,30,61773 Tyler Course,East Debraville,North Carolina,25154,58.604600,-35.748528
Vincent Goodman,69,9420 Ortega Lake Suite 933,Derrickville,New Hampshire,75371,42.416692,-32.937703
Angela Kramer,61,195 Nicole Mission,Dorothyland,Minnesota,34552,-74.916124,68.9945475
James Armstrong DVM,47,55214 Amanda Islands Suite 321,South Rebecca,New Jersey,88051,91.802438,9.778012
Curtis Brown,59,9307 Theresa Summit Apt. 857,Hunterport,Missouri,85313,5.633060,19.2940855
Richard Edwards,41,93651 Tyler Plains,Port Francis,Tennessee,02187,-145.309302,-37.0872145
Michelle Burns,33,30853 Tyrone Junctions Suite 993,Thomasmouth,Michigan,49235,-76.279827,31.3204615
Randall Salazar,77,821 Mcmahon Rue,New Valerieshire,Mississippi,70203,-68.207071,-38.536257
Diana Mendoza,43,56202 Smith Plains Apt. 518,Grahamville,Oregon,96571,-134.854799,-78.5160235
David Stevens,29,97538 Lewis Well Apt. 817,Banksborough,Vermont,92266,118.367924,-28.591221
Sabrina Bradley,53,621 Carl Dam Suite 443,North Traviston,Maine,61922,46.247636,-28.8681795
Krystal Miller,69,55493 Justin Meadows,Michaelside,Virginia,53797,-105.016019,59.0282255
Craig Howard,38,3597 Anderson Stream Apt. 276,Jonesmouth,Oklahoma,67178,128.220312,-56.7931885
Megan Moss,39,1727 Alicia Garden Suite 461,East Dwaynemouth,Alaska,43470,-108.573176,-3.557747
Cameron Rodriguez,42,516 Kevin Mission Apt. 967,North Charles,Connecticut,99883,-12.463846,85.299337
Ronald Abbott,30,691 Mark Port,Connietown,Washington,73221,0.907540,-79.389706
Brenda Wells,30,336 Matthew Harbors,Crawfordtown,Minnesota,32783,34.000559,-89.711934
Amber Jones,53,307 Daisy Flat,South Corybury,Maryland,57882,-19.198046,-73.630755
Amy Smith,71,00368 Amanda Camp,Lake Karenland,Delaware,46572,-131.607216,-85.277995
Michelle Harris,43,29492 James Station Apt. 856,North Anthonymouth,Michigan,27637,134.591697,72.749258
Benjamin Medina,64,3866 Nancy Overpass Apt. 860,Johnport,North Dakota,33708,-91.168562,27.9583445
Scott Jimenez,47,8011 Kristin Shoal Apt. 574,South Alexistown,West Virginia,74886,166.852184,-47.8930095
Mary Rogers,77,320 Malik Plaza Apt. 723,Colemanberg,Wisconsin,30476,-91.856088,12.628966
Carolyn Scott,52,8338 Amanda Locks,North Riley,South Dakota,76715,51.402664,-36.541336
Abigail Ryan,44,170 Robert Forge Apt. 825,New Chelsea,New Hampshire,91133,-24.025369,13.1267245
Todd Lynch,63,4369 Dawn Bridge Suite 769,Allisontown,West Virginia,90517,154.594838,43.8228405
Mrs. Sarah Hernandez,33,9853 Harold Locks Apt. 019,Nicholasville,Tennessee,29501,144.982632,-87.815350
Nicole Griffin,69,64113 Smith Greens,Lake Joshuamouth,Missouri,29503,133.552970,22.281973
Nathan Gonzalez,47,837 Ryan Way Apt. 016,Thompsonville,Louisiana,21634,-5.857237,74.0557205
Mary Tate,63,2322 Stephen Mission Suite 104,Hickston,Wyoming,83137,-117.359174,23.915977
Jason Kennedy,28,2424 Joseph Drives,New Russell,New Jersey,69382,-90.954179,-22.066036
Sharon Castro,75,549 Diane Rue,Bakerland,Colorado,20326,-126.174571,-60.7968065
Laura Lee,45,9644 Kimberly Highway,Josephstad,Wisconsin,84856,82.894015,70.563250
Justin Frey,73,0423 Porter Mountain,Port Brandy,Oklahoma,87098,-17.626152,-75.4054185
Shannon Johnson,53,401 Craig River,Floresborough,Wisconsin,18765,151.353493,-74.141231
James Smith,46,05928 Garza Hill,Josephstad,Idaho,80771,-67.478579,-68.749902
Tara Fisher,31,7761 Monica Course,North Michelle,Nevada,90843,-89.477273,64.211587
Joyce Wells MD,53,7047 Hall Lane Apt. 524,Carlsonfort,New York,28856,-91.040466,75.722704
Christina Campbell,30,3042 Berry Way Apt. 644,Moralesview,Idaho,62087,137.909982,78.993476
Andre Jones,44,1761 Robert Roads,Kathleenton,Oregon,98506,85.944574,-72.5968395
John Padilla,55,876 Monique Road Apt. 049,Christophershire,Kansas,04612,-65.259534,-43.011800
Allen Rodgers,71,4616 Robbins Roads,North Lisaborough,Illinois,83067,-171.020260,-66.936051
Ronnie Chan,68,03541 Benjamin Square Suite 098,Dennishaven,Kansas,21996,82.204640,-52.4632445
Paige Lowe,31,640 Michael Run,Williamsburgh,New Jersey,08443,50.681238,-66.3231775
Dennis Anderson,65,462 Sandoval Roads Apt. 233,South Michelle,Wisconsin,38672,17.578136,33.9765615
Benjamin Hines,46,63748 Sherri Pike Apt. 145,West Loganbury,Alabama,69177,-42.719730,18.4752195
Kristina Burns DVM,76,13981 Dakota Streets Apt. 263,Mackenzieton,West Virginia,33964,120.289451,-14.911458
Jason Pham,79,45384 Sanford Club,New Lisafurt,Rhode Island,36358,-138.143877,-51.1178045
Cody Moore,72,446 Rodriguez Well Suite 219,New Lisafurt,Arkansas,97798,32.612131,34.9722815
Jordan Harris,50,8197 Andre Rapids Apt. 579,South Mason,Alaska,70785,76.775532,10.974673
Bruce Herman,63,348 Liu Village,East Antonio,Illinois,70654,116.654924,9.0125975
Stephen Stephens,39,59400 Michelle Falls,Davidhaven,Connecticut,89765,-166.189324,-30.102994
Joseph Walter,52,931 Mcdonald Spring,East Sean,Wyoming,06887,75.958681,2.7257435
Jennifer Ramirez,66,06156 Monroe Skyway Apt. 836,North Teresa,Idaho,16884,28.868618,15.7035915
William Clark,21,602 Henderson Mount,Ruizfort,Texas,30032,-51.079159,-19.922698
Daniel Reed,47,8012 Emily Flats Apt. 781,South Lindseyberg,Kansas,49329,-89.349833,-65.847006
Sarah Lucas,20,4336 Martinez Groves Suite 037,Elliotttown,Idaho,29750,-117.932010,29.4067545
William Weaver,28,92915 Angela Corner,Perryton,Massachusetts,02078,-80.057273,22.792483
Timothy Huffman,65,73897 Theresa Ports Apt. 921,Michaelfurt,Nevada,06667,-77.550679,57.185684
Erica Smith,58,990 Grimes Club,Henryton,Kentucky,21481,165.052660,16.377530
Natalie Garcia,52,189 Sophia Ridges Suite 900,West Jessicaberg,Illinois,59585,150.873156,-61.0057295
Alec Hernandez,35,27135 Davis Points,Lake Brittany,Nebraska,20222,12.734649,-39.026644
Sara Campbell,78,801 Montgomery Lights Suite 285,West Jenniferberg,Maine,00842,-3.443188,46.8030485
Natalie Miller,50,616 Brenda Streets Suite 574,South Sharon,Pennsylvania,74797,100.044503,3.3040375
Benjamin Chapman,34,71540 Tammy Street,Heatherbury,Arkansas,26054,81.931040,85.875371
Kaylee Howell,54,4914 Edward Road,Cynthiaview,Connecticut,28325,-134.587566,-55.687167
David Flynn,54,40891 Jessica Center Suite 786,West Brenda,Alabama,21727,151.552729,54.7123435
Samantha Norton,64,95010 Kelli Land Suite 574,Stephenfort,New York,65854,-92.570025,72.962670
Ruth Ramirez,61,6882 Cristian Crossroad,Michaelfurt,Kentucky,04878,-94.983120,35.6144185
Erika Walker,70,27837 Kathleen Mount,Lynchfort,Nebraska,35359,159.185746,-85.7511865
Eric Garcia,52,3227 Williams Mews,Martinburgh,Ohio,81771,139.603718,29.0696205
Tammy Cruz,27,61187 Pamela Harbor,West Tonya,Iowa,32341,38.912292,-72.0109835
Heidi Ward,70,3990 Christopher Turnpike Suite 623,West Lauraside,South Dakota,79639,-22.796878,69.668871
Michael Park,56,9546 Howell Ranch,South Amanda,Rhode Island,41324,-37.334083,-65.3269945
Deborah Lewis,53,6451 Jessica Isle Suite 495,Vincentville,New York,21829,78.868205,-68.408656
Mr. Joshua Martin,49,64970 Amanda Cliffs Suite 591,Haleyfort,Wisconsin,53711,12.236824,-3.627462
Shane Moreno,53,1838 Christopher Mills Suite 636,Mahoneyview,Kentucky,51735,62.358373,86.511295
Daniel Hayes,77,3137 Smith Drive Apt. 654,Rodriguezton,Kentucky,71843,-106.834422,-69.0003345
Jenna Hoover,74,698 Baker Well,Carolville,Maryland,32441,137.734087,67.6839235
Brian Hughes,47,2678 Joseph Field,Lake Victoria,New Jersey,32209,120.884597,-16.4085515
Natalie Brown,61,8540 Geoffrey Terrace,New Patrickborough,Ohio,86203,-117.153507,-7.758015
Charles Martin,50,469 Karen Crossroad,Richardfort,New Hampshire,18818,159.872745,84.257767
Isaac Roach,73,275 Bennett Harbors,Clarkechester,Alabama,29175,32.473080,68.454733
John Orr,32,9958 Bradley Streets,Annaton,Tennessee,85289,98.952045,-61.8721835
Natalie George,49,6857 Sean Glen,West Theodore,Virginia,63778,151.581407,79.4897935
Michael Mcintyre,36,2991 Joseph Roads,Charlesfurt,California,16295,24.339985,-43.8778365
Angela Miller,79,60560 Jacob Manor Suite 093,Andersonchester,Montana,62175,-89.377363,-74.707086
William Barnes,49,681 Ross Summit,South Lisa,Texas,44001,-1.830977,-73.7860775
Jeremy Gomez,36,3417 Kristen Prairie,Whitetown,South Dakota,78690,15.476347,26.858354
Chelsey Cantrell,70,736 Ortiz Views Apt. 236,New Angelashire,Utah,96886,163.947024,-0.825937
Ashley Smith,38,3216 Black Avenue Apt. 517,South Davidtown,California,99215,99.526037,-74.0764505
David Castro,24,6827 Steven Ports,Richardstad,Georgia,85020,-138.545240,73.6640785
Sarah Wade,69,4604 John Courts,New Linda,Minnesota,00775,-141.125905,-60.781689
Joseph Mora,58,50592 Thomas Shoals Apt. 934,South Josephstad,South Dakota,31981,-109.341184,61.2972485
Krista Christensen,54,2918 Rice Prairie Apt. 466,Port Patricia,Arkansas,63022,-60.695830,27.1060805
Cassandra Rose,53,385 Scott Park Suite 342,Millerfurt,South Dakota,45174,-19.577532,-1.2760735
Alan Kelly,21,5778 Perez Mills,Port Whitney,Hawaii,44956,80.600670,81.4167145
Brandi Warner,50,14396 Bass Extension Suite 606,North Tiffanyhaven,Oklahoma,11087,82.633071,76.3171325
Allison Walker,20,3923 Williams Station Apt. 166,Kimmouth,New Mexico,41580,-143.881445,27.7021725
Beverly Martinez,38,750 Walker Plains,Clinestad,Pennsylvania,73659,-44.921792,-80.990624
Casey Simon,41,043 Curry Turnpike Apt. 588,New Robert,Nevada,02021,118.648047,38.241303
Tammy King,26,374 Murphy Mills Suite 367,Woodville,Rhode Island,76380,157.824662,-17.891825
Melissa Ramirez,54,07810 Hart Circles,Michaelberg,Vermont,77862,-38.781085,62.735343
Angela Dixon,58,42271 Marks Place,Port Ethan,Pennsylvania,39011,-118.662947,32.3269305
Julie Dunn,25,46241 Jessica Green,Troyland,Maine,72201,-78.936478,32.2121205
Thomas Rhodes,36,23799 Justin Loaf Apt. 552,Michaelland,Nevada,64792,68.809307,-58.397762
Jack Keith,41,51530 Mark Glens Suite 329,North Karenton,Indiana,60057,118.668118,65.122656
Craig Martin,65,564 Wheeler Village,Heidiside,Texas,25351,90.935618,-27.653170
Jennifer Morris MD,39,3881 Jose Fall,Mooremouth,New Hampshire,84724,-176.885919,80.4396345
Kathleen Bauer,72,26454 Joshua Stravenue Suite 425,Johnsonmouth,Nevada,79464,-40.034460,2.9157775
William Santos,48,0468 Mary Glens,Williamsville,Minnesota,64088,-87.253117,60.716037
Gabrielle Farmer,51,9936 Lisa Row,Kevinborough,Louisiana,11606,-130.510375,20.867912
Amy Evans DDS,48,84943 Ashley Views Suite 848,South Lisa,Maine,80100,-129.535113,-82.9093975
Mary Macdonald,61,40037 Richard Pines Suite 415,Morrisville,Hawaii,42497,148.895910,-59.321784
Luis Jones,72,13002 Scott Hill Apt. 547,East Williamfort,Nebraska,55086,-163.691895,48.459037
James White,44,203 Stephen Landing Suite 789,Andersonview,Maryland,41506,-139.193745,-10.0914295
Brandon Martin,61,11112 Elizabeth Extension Apt. 645,New Alan,Illinois,23889,-2.716918,18.4359725
Diamond Barker,33,814 Ryan Isle Apt. 409,Rosarioville,Tennessee,14632,-161.410446,64.3753715
Michael Harper,28,00005 Arias Path Apt. 797,Craigshire,South Dakota,07577,-143.956750,-54.421691
Kristin Scott,67,96953 Gabriel Port Apt. 349,New Sharon,Arkansas,81001,48.273341,38.234111
Derrick Dickerson,33,876 Christopher Tunnel,Lake Andrew,Indiana,95688,154.638243,-82.9496915
Yvonne Schneider,50,942 Lee Corner Suite 170,East David,Florida,47141,119.234042,26.898526
Ashley Cordova,68,45463 Perry Shores Apt. 937,Hayesside,New York,62720,-8.837793,57.3153045
Kristin Peterson,72,8416 Patricia Spring Suite 346,Kimberlyside,Rhode Island,37263,22.089230,67.0550945
Tommy Benjamin,73,05974 Cook Fields Apt. 155,North Cherylborough,Texas,58679,0.650856,-1.2316955
Patricia Smith,58,7869 Barnes Springs Apt. 643,Port Shaneberg,Mississippi,19819,-28.790748,-24.120570
John Nguyen,75,143 Jennifer Well Suite 417,Cassidyfurt,Delaware,46913,-125.596364,50.0103805
Aaron Gonzalez,38,412 Jacob Pines Suite 808,New Charlotte,Virginia,74451,-139.682396,-21.813253
Dr. Madison Nelson,24,070 Horn Forest,Whiteville,Georgia,31808,176.341628,69.9376595
Jose Simon,65,553 Nicholas Curve Suite 754,Lake Brandy,Alabama,55375,167.147924,26.7526385
Kim Trevino,64,82077 Hernandez Garden Apt. 333,South Tina,Maine,29411,20.865587,84.9059315
James Brown,60,15782 Meyer Key,Coreybury,Connecticut,25673,24.076396,79.0204935
Ryan Wagner,54,47310 Miller Extensions,Trevinoside,West Virginia,15534,24.306622,1.366373
Bobby Blake,28,73096 Katrina Row,East Christie,Florida,41781,-139.939904,-23.3792185
Michael Acosta,67,072 Sarah Meadows,Michaelburgh,Colorado,44890,76.201943,17.439183
Rachel Miller,37,4226 Castaneda Tunnel Suite 983,North Barbara,Washington,20942,126.386049,60.830949
Robert Rojas,77,4205 Christian Lodge Suite 657,West Michelleport,Illinois,48284,33.167460,-88.1953505
Spencer Casey,58,22199 Cline Extension Suite 763,Port Vanessa,Ohio,14677,55.983751,33.806848
Ashley Christensen,75,1179 Roberts Knolls Suite 799,Lake Heather,Indiana,37867,-103.722922,-73.9217235
Holly Holt,25,06618 Rhonda Union Suite 256,Lake Ryan,Mississippi,99235,-165.846604,-63.2845965
Martin Hill,58,047 Chapman Cliffs,East Dawn,Oregon,21328,-149.802489,18.8782465
Tina Fisher,26,76595 Johnson Mountain Apt. 347,East Randy,Maryland,69786,60.094489,71.4587925
Marissa Cobb,42,5101 Barber Corner Apt. 172,Mollymouth,Oklahoma,42864,15.100719,-23.006258
Robert Duffy,67,95020 Ann Port,Lake Jeremy,Kansas,09249,-148.186722,-14.8508355
Kristy Baker,73,718 Kelley Forge,Basston,Nevada,40926,-96.389306,26.1443515
Justin Gibbs,26,43819 Peters Ford,Petersfurt,New Mexico,11071,-73.136482,43.396863
John Wright,61,58381 Lindsey Hills,Johnsonburgh,Iowa,22456,129.917025,-6.742122
Robert Robertson,70,341 Alexander Shores,Heidichester,Delaware,92308,49.775826,-2.011829
Lindsey Atkinson,25,41420 Thomas Estate,Mooreville,New Jersey,38083,-123.214960,-59.204048
Melissa Reed,27,3903 Harris Port,Barretttown,Indiana,86838,-59.888778,58.2579025
Michelle Cox,72,4432 Patton Ford,East Kellystad,Ohio,76048,-139.450122,30.2946355
Amanda Howard,59,51667 Arroyo Mountain,Port Heather,Utah,56589,-52.259070,-33.884334
Natasha Meza,66,0647 Judith Passage Apt. 355,West Lance,Oklahoma,96805,39.286476,-65.505926
Timothy Meyer,20,31379 Robert Street Apt. 374,West Stevenville,Illinois,90536,151.585196,-72.0102835
Benjamin May,28,95132 Derrick Cliff,West Alexisview,Montana,44101,-157.671318,-84.2387885
Stephen Davis,41,4412 Michael Mall Suite 374,Jaimeberg,Missouri,71678,105.237165,-13.812131
Justin Perkins,32,83776 Catherine Islands,South Judyport,South Dakota,94897,-139.230351,-64.4870115
Jennifer Armstrong,28,838 Wilson Ford Suite 700,West Jennifer,Michigan,80581,-118.064041,-81.8713905
Amanda Mcdonald,54,4024 Hernandez Cape Suite 736,Thomasland,North Dakota,15670,-61.853051,19.4039785
Stacy Simon,23,41558 Harrison Meadow,Patrickborough,Missouri,93240,-97.273525,-57.706245
Elizabeth Guzman,19,4257 Clark Rue,East Danielle,Nevada,96583,1.834063,-6.382058
William Valdez,73,7297 Janet Common,West Tyler,Minnesota,14313,-129.324708,-34.0559935
Robert Hebert,46,8602 Brown Burg,Lake Melissa,California,17705,-84.140547,34.0823135
Kelly Thomas,62,21853 Lopez Canyon Apt. 114,Mckenzieborough,Maine,75326,-171.516946,-81.4413135
John Beck,20,64752 Grant Stream,West Danielmouth,Oregon,79912,17.999957,51.6851735
Natalie Williams,64,096 Stephen Well,Townsendshire,Rhode Island,20875,41.233607,41.785382
Fred Vargas,59,2241 Charles Prairie Suite 266,East Ann,Hawaii,77642,-23.602736,40.4796285
Regina Francis,28,504 Jesus Island,Forbesburgh,Minnesota,68117,70.384090,-12.9372175
Melanie Castaneda,70,6915 Melissa Plain Suite 605,West Andrew,Delaware,94350,130.847961,-32.6951925
Kevin Roberts,54,0214 Ayers Hills,Gatesmouth,Massachusetts,01404,162.045287,54.8626365
Heather Mcdonald,68,37541 Ray Grove Apt. 195,Julieview,New Hampshire,19336,36.169326,34.0734095
Alvin Crawford,59,58042 Clark Center Apt. 184,East Terriview,South Carolina,48752,-150.696604,68.5121045
Thomas Brooks,75,0212 Stephanie Pike,Hannahside,Montana,35688,100.783217,16.073892
Stacey Davis,66,921 Moore Stream Apt. 402,Robertton,Kentucky,50765,84.387447,-38.895389
Nancy Moore,49,61395 Wilcox Cliff,New Alexisstad,South Dakota,18152,-164.690400,-78.4552675
Rachel Perez,61,79727 Donald Highway,West Jasonmouth,Virginia,58577,58.910945,-51.612211
Alan Cruz,67,2344 Collins Prairie,South Gregory,New York,14343,93.995822,85.0996695
Mary Oliver,59,250 Strong Mountains Suite 165,Bryanview,New Mexico,27870,-79.790577,85.335467
Vicki Wright,79,053 Danielle Shore Suite 645,Daystad,Illinois,10978,-140.775807,-48.3532735
Jason Black,51,891 Mikayla Estate Suite 626,Jonesfort,Oklahoma,30513,50.820742,16.3596395
Jennifer Salas,41,1550 Nicole Union Apt. 836,Jamesville,New Jersey,86864,167.585865,77.772134
Tiffany Green,62,118 Miranda Ridge Suite 673,Katieburgh,Ohio,12051,122.576419,-82.111482
Jonathan Miller,52,477 Rice Circle,West Candice,West Virginia,93578,152.192749,1.996285
Robert Sanchez,41,645 Murphy Harbor,Josephton,Maryland,61083,31.304849,85.8602325
Taylor Curry,35,46845 Rebecca Ridge,Lake Joyceton,Delaware,67991,-63.580421,-29.755540
Jason Webb,19,08701 Long Brooks,Lake Matthewhaven,Nevada,02313,61.933869,68.326890
Scott Reed,79,317 Caleb Canyon,Johnsonton,California,02642,-152.230664,-7.262946
Laura Hunt,68,7113 Moore Isle,East Patrickport,Kansas,76849,-36.829325,51.420936
Michael Marshall,42,10453 Gomez Bridge,Heatherland,Illinois,72083,-161.775656,1.404887
Wendy Nielsen,51,111 Taylor Bridge Suite 955,Melissastad,Maryland,49871,37.632010,11.9933305
Steven Barker,22,2805 Angela Shores Suite 186,West Amanda,South Carolina,70356,-124.389116,-0.448388
William Duran,38,064 Karen Roads Apt. 376,Christopherfort,Colorado,30317,-73.358785,-73.100549
Jordan Massey,68,6594 Cameron Points Suite 559,Benitezfurt,Missouri,24492,154.421543,-2.115686
Kathleen Mccarthy,52,670 Tommy Knolls,Lake Adam,Missouri,48971,-158.453275,-4.946394
Matthew Contreras,72,75975 Christine Village,Dianaport,Missouri,64134,-78.282084,-11.7156105
Christopher Campbell,68,66910 Cassie Corner Suite 988,Port Elizabethshire,Nevada,65808,75.735696,-66.304685
Heather Wagner,74,177 Schneider Coves Apt. 624,East Michael,Maine,53509,-16.967658,46.278750
Theresa Cobb,40,643 Amanda Park Suite 738,Davisport,Iowa,78067,95.011710,74.4158405
Becky Sandoval,70,42239 Cheryl Causeway,Port Cindy,New Hampshire,41399,158.672929,1.0837315
Todd Dunn,38,378 Mejia Route Suite 113,New Justinburgh,Tennessee,79559,-145.664057,58.1499355
David Miller,54,06225 Joseph Stravenue,Brownchester,Oregon,81827,-67.198463,-28.7597615
Felicia Waters,56,64699 Whitney Fork,Brentland,Wisconsin,10974,122.028975,84.8878745
Jeffery Stewart,18,398 Mills Port,Cruzshire,Pennsylvania,94803,134.013654,-77.8900745
Justin Pena,24,77910 Landry Fall,East Kevintown,Washington,04067,127.024946,-44.077466
Anna Hoover,43,00741 Johnson Crossing Apt. 188,Julieburgh,Kansas,71305,-64.532644,-44.422761
Joshua Robinson,29,128 Collier Spur,Port Joshuastad,Idaho,62977,153.598630,72.8851505
Diana Gordon,51,23944 Irwin Isle Apt. 201,Lindabury,Indiana,58654,179.575024,2.5192675
Lisa Crawford,72,89053 John Creek Apt. 093,Mariafort,Pennsylvania,13341,114.729710,-49.607515
Linda Duarte,22,4755 Tonya Vista Suite 775,Peterbury,Nevada,55877,-94.671060,72.9010405
Danielle Barrett,73,160 Wood Lane Suite 727,Hornfort,Rhode Island,98802,-108.895831,5.3550425
Christopher Brown,75,9197 Brian Valley Suite 122,Kelseyshire,Nebraska,15095,14.552157,13.050281
Paul Gilbert,50,5867 Brian Circles,Rhodeshaven,Maine,43440,29.830520,-54.614767
Kayla Jones,60,67967 Kline Highway,Rachelton,Texas,41423,92.008870,82.6315795
Barbara Hernandez,61,6140 Lawson Coves,Kingville,Colorado,90513,93.731400,-33.7017515
Kathy Williamson,66,54571 Stanley Mill,Clarkland,Iowa,49665,96.594878,-34.0430975
Nancy Hoffman,36,3757 Silva Shore Suite 259,Johnstonhaven,Montana,46472,-59.028157,-30.5806885
Kevin Patterson,55,9759 James Islands Apt. 437,East Omarstad,Nebraska,76208,-159.644381,56.4523835
Matthew Mitchell,39,105 Sheila Hill Suite 723,West Ralphbury,Tennessee,54673,159.161712,60.018305
Brooke Lopez,74,2026 Jamie Circles Apt. 421,Josephborough,Rhode Island,25906,164.816467,-17.4891015
James Valencia,63,567 Miller Extensions Apt. 974,Port Jenniferburgh,Texas,32506,145.891426,21.3569975
Ashley Castro,69,32003 Joshua Loaf Suite 717,West Jennifer,Maryland,18127,2.419523,-45.6554265
Debra Brown,65,179 Patton Throughway,South Jessefort,South Dakota,51547,103.581558,-28.2478835
John Gaines,79,9814 Julie Center,Martinland,Rhode Island,69592,159.748272,40.4744515
Richard Hogan,41,844 Shelly Ports,New Robert,Michigan,56487,-21.422457,81.9360135
David Chambers DVM,38,9396 Duncan Knoll,Barkermouth,Pennsylvania,97850,-3.558954,-23.705880
Miss Lisa Nelson,21,6797 Rangel Valley,Hensonhaven,Missouri,63216,147.061554,-56.6847565
Vanessa Rogers,35,182 Ferguson Roads Apt. 946,East Christinefort,South Dakota,04296,57.738317,89.436516
Michael Salazar MD,57,264 Hicks Dam,Washingtontown,Kansas,86350,114.845845,-56.109369
David Rodriguez,50,75169 Singh Track Suite 890,Alyssaberg,Montana,16809,-166.442798,-87.0672115
Kathleen Jones,69,3803 Ashley Squares Suite 979,Benjamintown,Ohio,49740,-142.241575,54.0933755
Elizabeth George,72,716 James Village,Traviston,Delaware,55614,59.825771,-30.036578
Lauren Smith,59,4000 Rivera Knoll Suite 647,South Michaelside,Louisiana,16702,-99.691632,-14.991797
Joe Grimes,29,33481 Frank Hills,Barryview,Texas,80406,84.264995,-12.6098865
John Allen,36,293 Thompson Manor Suite 093,Gregoryview,Washington,92703,-64.916223,71.862158
Charles Cordova,72,83029 Mora Valley Apt. 817,Acevedoview,Tennessee,63836,122.176366,82.5513765
Adam Blake,73,184 Smith Circles Apt. 788,Jacobsfurt,Rhode Island,64966,136.621304,-34.6613875
Kathryn Hawkins,21,9179 Cuevas Trace Suite 715,Markburgh,Kentucky,08475,-50.570307,13.483344
Cassandra Johnson,66,5262 Derek Locks Suite 132,Port Bretthaven,Connecticut,61346,3.466826,-12.7467215
Paula Dunn,73,216 Davis Place Suite 954,Wisechester,Arizona,02246,-106.644337,-57.363392
Jacob Williams,44,4638 Taylor Divide,Port Scottshire,Utah,40863,-0.198057,41.961115
Jesse Olsen,64,131 Johnson Burg,New Donaldberg,New Hampshire,81347,53.608495,-59.6361535
Tara Aguilar,72,564 Dougherty Ramp Apt. 185,Smithtown,South Dakota,50973,-57.036287,-72.7694935
Angelica Strickland,30,72503 Robin Parkways,Stephaniebury,New York,81053,28.375577,-15.893147
Thomas Flores,80,7685 Miller Road Apt. 513,Hallville,Delaware,24447,-48.224373,-19.962990
Adam Lee,68,71709 Michael Lock Suite 175,Gibsonview,Idaho,63506,68.402912,-61.6345985
Matthew Pope,29,0402 Kimberly Squares,New Annaburgh,Maine,17860,-20.330281,1.078628
Melissa Henderson,35,698 Rebecca Fort,East Veronicaview,Maine,04714,-69.333429,-58.889551
Hannah Dominguez,52,230 Melissa Isle,South Davidport,Minnesota,48561,-18.797924,64.5356565
Heather Wise,36,6349 Michele Station,Port Sarahport,Tennessee,65858,-149.827782,-38.3413445
Casey Harrison,35,77846 Martinez Station,North Josephburgh,New Jersey,23491,113.675924,-16.8641105
Chad Brewer,80,1735 Jones Turnpike Apt. 932,Aguilarhaven,Colorado,76684,-140.212085,-86.3246825
Tracy Harris,47,12589 Nathaniel Summit Suite 063,Boydbury,Ohio,85314,169.866562,-12.235950
Carolyn Hill,29,4890 Morales Crest Apt. 084,Vanessafurt,Pennsylvania,71153,37.366690,-61.223126
Vincent Foster,70,372 Tiffany Summit Apt. 575,Dianemouth,Pennsylvania,37322,-36.571346,33.304279
Brian Flores,80,7645 Billy Overpass Suite 848,Jamesburgh,Alabama,99704,-39.494094,7.770035
Linda Patterson,66,4921 Lewis Island Suite 141,Port Tami,Mississippi,90406,-112.842143,47.068171
Lindsay Miller,53,1014 Winters Stravenue,West Denise,North Dakota,51072,142.792642,-85.4130445
Maria Brown,79,5863 Kelly Terrace,West Caseybury,Florida,24314,-155.822365,25.454074
Joshua Greene,69,836 Jerome Extensions,Port Elaine,Minnesota,63702,23.639499,-63.1016165
Angela Sanchez,71,9170 Jeffrey Brooks,Millerport,Oklahoma,53622,74.093167,32.9214155
Katie Ayala,61,904 Ramirez Bypass Apt. 963,East Tammyberg,Nebraska,94057,-73.773907,-6.7567535
Michelle Boone DVM,45,5867 Brett Ramp Apt. 296,Ramirezshire,Alaska,63519,94.497870,-21.889035
Scott Mcgee,66,097 Robert Plains Apt. 816,New Denisestad,Idaho,19664,-44.548182,9.207150
Catherine Moore,18,5158 Estes Passage Suite 361,Michellechester,North Dakota,18021,4.881808,18.334232
John Carter,55,9569 Maxwell Squares,North Frankland,West Virginia,69843,83.230150,24.7390175
Daniel Jones,65,531 Neal Stravenue,Lake Joshuafurt,New Mexico,46766,-157.638411,-79.1459225
Mark Morgan,75,5500 Parker Union Apt. 550,New Stephen,Maryland,45472,-41.821822,-24.539498
Michael Washington,39,80895 Moore Springs Apt. 305,Patrickborough,Florida,10963,68.013429,77.9615935
Mary Avery,41,6139 Evans Inlet Suite 408,Port Danielfort,Vermont,46772,-98.728244,22.006518
John Patton,79,54229 Martinez Gardens Suite 867,West Meganburgh,Connecticut,88873,110.750479,63.9467845
Steven Valentine,65,751 Jones Rapid Suite 580,Nguyenhaven,Maryland,43580,-112.851986,11.7147745
Melissa Mcmillan,77,14395 Linda Orchard Suite 618,Fischerburgh,Illinois,56784,57.947931,43.0583585
Christopher Smith,19,2367 James Forges Suite 232,Port Aliciamouth,Minnesota,82095,-118.724859,4.788170
Richard Garcia,23,38058 Thompson Run Suite 755,Waynehaven,Delaware,87150,-84.074438,-7.4939285
Carlos Ortiz,20,159 Walker Mountain,North Deborahchester,New Hampshire,65608,-112.605626,-54.4946485
Linda Simpson,55,4249 Gillespie Corners Suite 120,Noahtown,New York,70772,-51.651861,-4.261942
Amy Johnson,45,285 Sandoval Squares Suite 544,South Patrick,Oklahoma,75770,-140.306801,-24.877703
Shirley Rangel,41,109 Spence Parks Suite 519,Ravenstad,Hawaii,30817,164.684370,-34.314207
Kevin Berry,23,461 Wilkins Loop Suite 780,Woodfort,Hawaii,83105,-57.326611,54.625330
Brittany Goodwin,43,34931 Sonya Centers,South John,Alaska,76616,-117.886081,78.082714
Elizabeth Nelson,40,81511 Donald Station,North Rebeccaville,Georgia,28487,53.966989,24.6075515
David Knight,74,8355 Mary Prairie,Port Jonton,Alaska,13893,107.150494,11.563932
Kristin White,30,6689 Jennifer Wall Suite 343,South Margaretfurt,Tennessee,38131,47.477107,53.981668
Robert Shepard,72,443 Melissa Junctions Suite 492,Thomaston,Mississippi,02434,-59.772896,36.9984665
John Lloyd,32,3787 Daniel Greens,Craigside,Texas,56436,-96.263897,43.7261205
Cassandra Chambers,38,054 Smith Summit Apt. 279,South Keithland,South Carolina,91451,-10.226107,-46.524491
Jessica Scott,62,50427 Christopher Knoll,North Robertport,Michigan,11761,-113.951581,87.5985825
James Nguyen,35,359 John Station,Port Daniel,Indiana,15924,114.571519,-88.488439
Luis Allen,60,796 Kelly Mount,West Rodney,Minnesota,30374,-95.272672,-44.003737
Ruben Morton,33,9228 Peggy Centers,West Angelamouth,Georgia,33184,17.931298,-11.0784485
Terri Anderson,77,00995 Justin Plaza Suite 682,New Chaseside,Louisiana,46476,23.158822,-82.7683365
Heather Turner,78,55837 Burgess Streets Suite 791,Jacobsonview,Ohio,15099,120.890582,35.7562235
Christine Mcpherson,25,8376 Katherine Course Suite 762,Barnesborough,North Dakota,47980,-48.491883,37.649124
Randy West,33,167 Benitez Land,Lake Alexander,New Jersey,22098,57.475212,-36.090628
Bradley Parker,19,229 Singh Ville,Port Josephberg,Virginia,13620,165.627478,-48.009034
Charles Davis,66,16539 Joseph Trafficway Apt. 541,North Natasha,Wyoming,60132,-82.846071,73.5878185
Kayla Jenkins,52,90585 James Island,South Andrew,Tennessee,72601,-92.308753,-73.557755
Veronica Daniel,19,2372 Kenneth Mall Apt. 150,West Robertshire,Wisconsin,43355,-57.294742,41.892285
Mr. Adrian Parsons,48,000 Jennifer Groves,New Gregory,North Dakota,49182,-44.110996,72.345974
Riley Schultz,39,2917 Stewart Lake,Port Kenneth,North Carolina,05973,138.656798,27.725344
Dawn Gregory,62,05006 David Wells,Hallton,Michigan,13634,78.858522,39.751990
Manuel Norris,42,26304 Haas Cliffs,Carlsonfurt,Oklahoma,82864,47.860589,0.1544865
Caleb Moran,21,0537 Carter Gardens Apt. 520,Ryanhaven,Arizona,90815,31.279448,72.6638475
Kenneth Watkins,26,8068 Sydney Glen,Lake Michaelland,Arizona,53826,104.626139,-49.730055
Yolanda Harrison,58,94210 Delacruz Ferry Apt. 715,Christopherton,California,89174,-93.756558,53.0410845
Andrea Cortez,19,675 Heather Locks Apt. 315,Desireeview,West Virginia,87386,165.853197,60.033139
Shawn Roberts,80,997 Randall Fall Suite 545,West Regina,Nebraska,53391,65.798530,80.8045295
Steven Lang,54,58679 Carol Springs,Port Theresa,Colorado,95028,-37.442383,-38.451398
Margaret Watson,33,390 Christina Streets Suite 946,Nicholasburgh,Iowa,93134,-29.514057,-64.054594
Nicholas Mathews,41,730 Harrell Port,Port Emilyview,Montana,46312,-30.807114,-50.034695
Patrick Singh,37,4097 Gary Mountains,Pamelaport,California,50056,-0.555391,-32.0884915
Robert Lawson,27,2165 Lisa Plain,Jacksonshire,Idaho,14033,31.573385,50.310893
Douglas Avila,56,099 Scott Plains,Bellview,South Dakota,06297,152.994266,27.2417965
Kerri Martin,40,194 Moore Key,Lewismouth,New York,07794,54.878270,66.025461
Christopher Mckenzie,21,6227 Katherine Brook Suite 790,Coreyfort,Mississippi,16756,-24.486875,-79.415761
Jeffrey Campbell,51,7910 Adams Overpass,Port Logan,Hawaii,83358,-133.075083,-72.519145
Katie Schwartz,34,1119 Marilyn Ferry,Port Lucasfurt,Pennsylvania,14857,145.518080,40.8034955
Samantha Rodriguez,53,475 Diana Centers,New Brandon,Arizona,92518,128.132877,-62.1866085
Ariana Small,69,04619 Spencer Orchard,Brianport,Oregon,09534,-74.948621,-63.9113435
Spencer Snyder,34,9956 Edward Junction Suite 094,Cannonville,South Carolina,88205,-129.237441,-18.787328
Jennifer Vasquez,32,173 Brewer Rapid Suite 877,Clarkfurt,Alabama,33448,175.275198,12.3594255
Mary Sullivan,20,774 Macias Drives,Crystalborough,Georgia,10016,72.380444,-7.856060
Nicolas Riggs,22,71395 Crystal Shoal Apt. 243,Debbieburgh,North Carolina,24931,-93.192080,77.070027
Cody Reyes,40,275 Hale Lock Apt. 388,Port Jonathanstad,South Dakota,96155,-94.268507,-49.124489
Sherri Martinez PhD,72,91722 Miller Plains,Lake Sheilachester,California,93709,153.620936,-25.468687
Christina Kaiser,22,18899 Waller Isle Suite 640,New Darrylburgh,Mississippi,38009,100.904027,-28.4482155
Lawrence Phillips,45,108 Gonzalez Divide,Tonytown,Florida,84126,-159.802752,-74.4632405
Cynthia Warner,37,412 Carter Ridges,New Juliabury,Michigan,62509,69.667607,-26.767747
Tammy Nelson,53,8662 Kristi Trace,West Stevenshire,Arizona,33636,-102.050759,-40.1295375
Robert Boyd,37,8296 Wright Squares Apt. 479,Perezmouth,New Hampshire,26266,158.839131,-53.086762
Christina Harris,38,33777 Ryan Meadow Suite 334,Port Daniel,Michigan,48048,89.610399,10.5257155
George Marsh,52,528 Johnson Route Suite 991,Port Alexander,Florida,87679,-23.457839,30.929025
Danielle Andrade,35,60784 Chelsea Road Suite 427,East Christopher,Illinois,94556,7.415566,-63.135891
Christian Kerr,63,1884 Robin Estate Apt. 846,South Stanleyland,New York,99172,-121.562524,20.7746675
Zachary Diaz,27,70574 Connie Course,Port Patrickshire,Hawaii,45140,78.605628,-42.476170
Jason Strong,35,6259 Valdez Greens,Lake Amy,Massachusetts,25739,-114.429821,-50.3119685
Steven Murphy,48,045 Taylor Drives Suite 657,Kimberlyshire,California,81611,56.454632,43.170204
Johnny Rivera,80,473 Dillon Hills,Garciaview,Oregon,59491,-23.357750,-15.912661
Candace Sawyer,51,86885 Pham Dam Suite 638,Lake Amy,Mississippi,97827,149.602193,62.389698
Pamela Johnson MD,63,34873 Knight River Suite 222,Mariachester,Arkansas,62414,163.997106,-58.367227
Christopher Crawford,64,048 Robert Trail,West Rebecca,Pennsylvania,04705,-127.638594,23.4422525
Darlene Valencia,61,1279 Paul Stravenue Apt. 277,Crossberg,New Jersey,14176,9.867187,23.1689715
Natalie Long,51,5642 Melvin Avenue Apt. 870,Omarfort,Delaware,45468,158.175653,74.3993615
James Hartman,73,44588 James Well,Port Debra,Massachusetts,06105,-56.946002,-50.861086
Jade Carson,57,7652 Patricia Loop,East Stephen,Texas,52596,-178.858517,-53.5271935
William Lopez,52,96559 Melissa Mountain,Amymouth,Delaware,14584,98.321136,-67.101303
Kevin Sanders,70,3579 Paul Lake Apt. 807,Port Jennifer,New Hampshire,00598,-75.733470,77.183645
Christine Griffin,58,257 Brenda Manor,Owenston,Oklahoma,42791,-42.855959,0.078265
Debra Clark,71,5474 Anne Greens,Buchananland,Indiana,31541,62.826334,7.8874775
Richard Jones,58,6064 Noah Hill Suite 318,Ashleytown,Wyoming,11451,-61.871158,-49.8490285
Donna Solis,58,55633 Romero Mills Suite 096,Obrienshire,Ohio,10846,128.335703,21.708069
Melissa Reed,34,96261 Rachel Inlet,Suttonstad,Utah,58986,-79.622351,-19.137248
Russell Hutchinson,50,197 Kevin Flats,Lyonsside,Massachusetts,44667,-155.278861,-41.8823615
Craig Henry,21,46346 Ronald Lock,West Frankburgh,New York,46345,-168.836511,-78.1475885
Laura Fox,26,29075 Robles Gardens,Lake Casey,Ohio,28128,-165.280525,78.808285
Rebecca Sherman,73,72347 Taylor Corners,New Patrickburgh,Hawaii,58847,141.962363,-43.648062
Ricky Price,43,9873 Kevin Underpass Apt. 318,New Victor,Georgia,95051,148.964282,-11.506875
Gerald Griffin,68,16168 Kimberly Stravenue,Karlmouth,Utah,31812,-169.779205,78.459405
Kim Horton,76,8624 Murphy Mills Apt. 846,Hoffmanhaven,Kansas,14031,-68.831996,18.1989965
Jackson Rodriguez,67,383 Taylor Rest,New Dustin,New Hampshire,66444,166.743373,-20.9390995
Caroline Roberts,65,10835 Goodwin Inlet,East Christon,South Dakota,22932,-2.280126,-75.7693495
Scott Gonzalez,49,527 Shannon Skyway,Matthewberg,Minnesota,02669,156.060942,59.0664575
Stacey Anderson,72,71623 Roberts Spurs,North Deborahberg,Montana,78381,97.401321,-7.9328635
Glen Smith,29,5030 Carpenter Villages Apt. 497,Monroeborough,New Hampshire,93244,-65.139693,-75.4074055
Daniel Richards,56,3293 Renee Pike,Kathrynside,North Carolina,45507,88.263421,-76.083295
Eric George,23,059 Frank Locks,Hernandezfurt,Oregon,48128,159.314962,67.1955885
Katherine Smith,20,390 Austin Way,Christophertown,Washington,44419,141.756230,59.4729665
Thomas Owens,58,49504 Howard Creek,Jenkinschester,Nevada,56402,6.731036,86.6101955
Deanna Bell,49,75100 Kim Groves,Martinezhaven,Massachusetts,80241,-88.604496,55.355635
Julia Diaz,61,27467 Mcdonald View,West Williamport,Washington,76110,122.324496,85.282505
Catherine Carey,50,13495 Pamela Shoals Apt. 739,Lake Shannon,North Carolina,41381,120.367543,74.7310225
Ryan Mcguire,51,413 Kimberly Prairie Apt. 659,South Raymond,Oregon,90194,41.793522,-80.8489405
Bryan Flynn,42,70795 Gallagher Tunnel Apt. 031,Michaelbury,Oregon,93544,-39.295584,6.3703215
James Adams,73,061 Walker Spurs Suite 134,Robinstad,Alabama,30187,-3.766907,-80.732458
Lorraine Watson PhD,73,2289 Ethan Highway Apt. 442,Frankberg,Wyoming,40024,57.103890,-28.632238
Ann Grant,40,5412 Erika Springs,Kaitlyntown,Texas,24479,57.707738,86.895510
Sarah Fuentes,61,37634 Matthew Keys,Alexisberg,North Carolina,29115,-74.831866,-23.9844415
Jasmine Delgado,34,0642 Christina Meadow,Kelleyhaven,Illinois,92995,-23.120657,-27.8259795
Ryan Mayo,28,478 Adams Pines,South Lauren,Maryland,59692,-173.473189,-32.0064995
Alicia Evans,72,16898 Derrick Keys Apt. 902,Jamieport,North Dakota,72909,-150.366305,19.463023
Julia Thomas,64,17176 Jackson Pines,North Gregory,Louisiana,53730,161.926419,30.9820715
Shannon Arnold,53,51039 Daniel Burg Suite 111,North Denisechester,Hawaii,06429,49.379027,-77.8039225
Shannon Ruiz,57,9811 Knight Walk Suite 920,Jessicastad,Illinois,43987,160.561719,38.021169
Alexa Brown,73,573 Matthew Corner Apt. 026,Keithburgh,Louisiana,39166,-63.024554,-63.9758475
Jeffery Lewis,75,2158 Burns Field,Robertsside,Colorado,86005,143.809471,-55.6170345
Haley Green,75,98298 Donald Ridge Apt. 545,Estradahaven,North Dakota,50493,115.056249,-37.9413425
Katherine Farley,64,85322 Kimberly Centers Apt. 604,Cartertown,Tennessee,77043,92.625762,54.8707635
Adrian Vargas,51,27236 Hernandez Prairie,New Preston,Rhode Island,31318,110.906694,-53.2610765
Matthew Hood,42,324 Garcia Summit,Russellborough,Pennsylvania,84550,94.517210,-71.264810
Jill Campos PhD,45,192 Sara Hills Suite 722,East Williamchester,New York,19455,-56.831671,-5.783961
Gina Reyes,50,68260 Jose Roads,Port Matthew,Maryland,06694,91.887900,67.184248
Carlos Diaz,30,18627 Phillips Center Suite 060,Barnesfurt,Tennessee,34766,-161.197806,32.3961325
Eric Haynes,79,013 Ashley Lodge,South David,Rhode Island,30672,-66.821732,-16.428779
Amanda Mitchell,22,265 Silva Meadow,Williamshaven,New York,51742,118.444040,33.857419
William Bender,24,605 Burns Course Suite 435,Martinezville,North Dakota,59806,47.451815,52.1990125
Lucas Rodriguez,44,189 Acevedo Union,South Maria,Indiana,02632,-152.541283,1.166818
Daniel Harrell,39,23159 Hall Locks Suite 464,East Patrickport,Idaho,27526,-117.747191,11.3660735
Kerry Nicholson,61,956 Tina Springs Suite 849,West Robert,Missouri,97830,151.035107,18.1883215
Jocelyn Carey,41,132 John Drive,Vanessaland,New Hampshire,23322,-27.922151,73.076820
Ryan Bird,72,41210 Walker Shore,New Felicia,Utah,34402,-97.035748,-50.940855
Michael Castaneda,63,72433 Foster Oval,Bellberg,Rhode Island,94826,102.825996,24.3727465
Andrew Price,54,348 Steven Views Suite 280,South Gregoryfurt,Kentucky,80803,31.216740,61.985866
William Miller,53,03693 Brian Coves Apt. 048,South Brady,Tennessee,39481,-171.498078,55.059810
Wayne Peterson,29,113 Jenkins Ports Apt. 619,Lake Dylan,Georgia,99748,-20.704684,-31.331127
Mr. Gary Bailey,67,95495 Gordon Roads Suite 329,Bonillahaven,Arizona,42439,37.242112,-69.117305
Robin Duncan,53,033 Pitts Corners,Brownstad,Delaware,06048,108.394692,-61.967639
Rebekah Maldonado,38,5983 White Skyway,Murraytown,Hawaii,42635,170.708464,74.748233
Adam Wright,32,401 Scott Loaf Apt. 376,Rogersbury,Wisconsin,97202,-22.425298,-82.6720405
Heather Smith,40,087 Tim Points Suite 092,West Jerryshire,Alabama,09561,33.305436,54.538190
Michael Mckinney,19,50785 Larry Mountain,Pierceberg,Wisconsin,18437,-16.204672,-25.479965
Kyle Perez,68,42960 Nicolas Views,Farmerport,Iowa,42689,160.342952,59.738539
Stephen Odonnell,60,58289 Sheila Grove Suite 716,Johnsonstad,Maryland,98341,38.154638,-33.608251
Amber Winters,55,872 Michelle Inlet,North Susanland,Georgia,35927,14.341353,59.337620
Steven Berry,71,8947 Jason Drive,Millerburgh,Arkansas,19461,-23.280552,-85.212978
Dr. Robert Gray Jr.,40,77158 Amy Drive,North Lawrence,Vermont,37492,46.126329,-85.496756
Todd Rivera,49,50509 John Land,North Douglasmouth,California,60681,-102.716986,75.542410
Deborah Ramirez,54,22741 Caitlyn Road,Gonzaleztown,Connecticut,85494,176.534767,64.050468
Jose Kelley,63,8558 Henderson Spring Suite 951,Saundersmouth,Alaska,97963,85.130031,84.3190355
Robert Whitaker DVM,29,9931 Bridges Branch,Jonesborough,Georgia,91207,-141.596410,-45.990490
Stephanie Young,21,5604 Roberts View,Masonshire,Alaska,53732,-76.418435,-75.0947015
Jennifer Smith,65,275 Lam Ridges,Lake Robinhaven,Connecticut,31339,-146.217757,27.078994
Olivia Owens,47,700 Washington Bridge,Buckfort,Rhode Island,50984,-66.803527,-78.382089
Andrew Holland,67,70015 Tyler Mission Suite 280,Andrewside,California,94884,-86.134939,31.0474585
Andre Perez,24,20162 Nicole Wall,East Kimberlychester,Iowa,56061,-48.265930,-21.912366
Jonathan Tyler,22,664 Buckley Fort Apt. 939,South Anthony,Colorado,86105,107.083760,-3.2149635
William Hester,23,08817 John Valley Apt. 176,Daughertyview,Alaska,62806,-1.463939,81.2446925
Angela Clark,59,1876 Michael Pines,Lake Graceside,South Dakota,05857,16.678016,-68.3198175
Matthew Hall,21,112 Scott Mill,New Michael,New Mexico,10702,-151.167597,32.883440
Leah Maxwell,21,13646 Stevens Divide Suite 185,Lake Vickie,Montana,37256,-29.888450,63.8692895
Cynthia Ferrell,67,6264 Taylor Coves,West Susanborough,Iowa,38314,87.906409,69.9133095
Kathryn Reyes,28,554 Decker Prairie Suite 888,North Troy,Rhode Island,38637,19.057439,45.485176
Molly Bennett,42,6973 Kane Spur Suite 032,East Kellyton,Wyoming,55999,-171.022226,-74.5534575
Emily Anderson,37,440 Brooks Causeway,Jonesmouth,Maine,18637,-136.345896,56.915296
Diane Mayer,50,877 Thomas Trail,East Natashaton,Washington,50632,53.052077,-15.1155995
Sara Cooper,21,2589 Martinez Dam,Greenville,Montana,74794,-125.756472,-65.105166
Charles Coffey,59,5038 Julie Streets Suite 976,Gonzalezville,California,65615,79.001218,-11.564717
Veronica Foster,21,03987 Connor Prairie,Escobarstad,Pennsylvania,26985,-35.285115,-3.8999845
Joshua Nolan,37,7008 Timothy Lakes,Port Jose,Oklahoma,46080,149.860385,-1.7225365
Michael Green,45,372 Cynthia Overpass,Jeanhaven,Hawaii,99722,-43.453204,1.9783315
Shawna Thornton,70,847 Nathan Spur Suite 130,New Timothy,Indiana,66842,38.773809,2.611581
Michelle Williams,80,59704 Ashley Harbor,West Brittanyfurt,Nebraska,96553,-2.538282,27.339633
Dana Martinez,42,6063 Sonya Rue Apt. 820,North Coreyland,Florida,01141,2.880500,69.075646
Steven Allen,63,8717 Martin Hollow,Keithville,Idaho,15794,155.276368,73.6398155
Jason Bryant,39,70805 Foster Stream Apt. 352,Nicolestad,Illinois,80621,20.052738,76.4659675
Jessica Holloway,58,0059 Valenzuela Fork,Christianchester,Massachusetts,82683,141.672229,13.036499
Sandra Mitchell,24,1388 Keith Extensions,Anaport,Indiana,49486,-142.692127,-20.325675
Christopher Morrison,50,59598 Lowery Ville Suite 105,Taylorfort,Oregon,89233,51.158783,61.767501
Carrie Reyes,67,10752 Stewart Streets,Port Jose,Montana,13952,82.906343,47.213063
Julie Rodriguez,51,4443 Castillo Turnpike Apt. 037,Fordmouth,Wisconsin,09807,-62.613463,21.638315
Nicole Hill,29,1819 Samuel Place Suite 749,Mortonchester,Oregon,22552,-83.671325,-60.680332
Teresa Duncan,43,5107 Ramirez Pines,Barnettborough,Illinois,61585,-45.274632,33.2360735
Kimberly Weber,38,1415 Bradley Court Apt. 478,Heatherburgh,Michigan,44776,19.968899,-20.4820315
Victor Johnson,50,919 Beth Bridge,New Maureen,Pennsylvania,52253,56.694693,-0.806295
Yolanda Wilson,44,67754 Roberson Forest,East Nathanville,Vermont,08404,-20.416524,67.160680
Ms. Janet Mitchell MD,64,5725 Frances Path Suite 972,Brownchester,Idaho,90827,138.084857,-32.5943985
Carl Nichols,34,56639 Nelson Estate,Michaelberg,South Dakota,31993,103.728343,-8.862047
Sandra Henson,52,33452 Joel Walks Suite 343,New Nancybury,Mississippi,68540,-49.279292,48.315090
Jaime Gonzalez,32,6312 Bruce Cove Apt. 540,Brownburgh,Nebraska,39138,156.878477,34.453485
Alice Phillips,76,70595 Miranda Dale,Dudleymouth,Maine,95965,-12.727166,-72.685203
Wesley James,36,3485 David Fords,East Jonathan,Delaware,84664,175.289065,37.258037
Sean Jackson,69,9657 Valentine Club,Port Joshuaview,Pennsylvania,08847,106.333989,73.5001965
Jason Thompson,19,1905 Bennett Vista,Thomasmouth,Vermont,04808,-42.806071,-72.155125
Dennis Walker,66,53800 Irwin Corner Suite 174,Gonzalesview,Texas,89890,-55.895958,-6.3220665
Ashley Tucker,21,021 Jason Summit,Jessicaside,Kansas,31226,-38.709147,84.035975
Jennifer Jarvis,72,91095 Jamie View,North Jonathon,North Carolina,21970,-122.270683,61.1141165
Daniel Price MD,25,3719 Carla Fall Apt. 170,Sarahbury,South Carolina,64503,-48.911472,0.3082735
Jeremy Wagner,78,863 Sheppard Flats,South Michelleborough,Mississippi,03464,-138.658700,19.5534835
Jeanette Cuevas,80,232 Marie Fort Apt. 347,Parkerberg,New Hampshire,95054,67.722552,72.4025015
Katie Williams,63,454 Cameron Mall,Terranceborough,Utah,27579,-55.499277,58.9798185
Matthew Golden,34,11473 Ashley Lights Suite 489,North Erictown,Arizona,61928,-35.641832,65.5095515
Michael Peterson,54,0904 Jesse Lights Suite 332,New Daniel,Missouri,07605,-18.752007,-10.232990
Rachel Young,70,05373 Morrow Parkways Suite 379,West Michael,North Carolina,33311,-14.340831,34.4855815
Rick Diaz,59,842 Roberto Squares Apt. 856,West Amymouth,New York,20314,-25.489146,73.512772
James Robinson,20,17512 Butler Island Apt. 898,North Kevinland,Ohio,64962,-159.170337,86.9721985
Alicia Boone,69,6791 Bautista Harbor,New Sonya,New York,05303,-68.793832,-58.153081
Lisa Wolf,33,9538 Mcintyre Well Suite 142,Leonardland,Iowa,67503,131.441953,52.2072175
Theresa Jones,54,800 Heidi Squares Apt. 869,Chapmanburgh,Minnesota,64741,19.173098,46.8315775
Jamie Mckinney,24,41031 Manuel Underpass Suite 252,East Jamesfurt,California,69332,-25.795931,-6.0452455
Ronald Hernandez,35,6506 Robinson Mill,South Megan,Rhode Island,65641,171.053799,-38.6891125
Mary Hall,51,07832 Phillip Mills,Dorseyport,Illinois,64893,-110.139974,87.1258695
Ashlee Collins,61,220 Krista Terrace Suite 268,North Daniel,Alabama,85969,168.806611,-89.8998205
Joanne Jones,56,787 Angela Springs Apt. 830,South Dustinfort,Colorado,95709,76.268003,65.3943855
Stacie Bryant,19,03984 Jeffrey Landing Apt. 730,Paulville,Nebraska,67886,-152.069261,39.2797485
Jason Rodriguez,31,6487 Mark Hollow,Tracyfurt,Indiana,72491,-44.859925,26.8061215
Andrea Leonard,57,361 Rogers Crest,Leechester,West Virginia,79585,-19.811102,-31.5285445
Amy Avery,37,7135 Donald Mall Apt. 024,Pamelaborough,Montana,57613,64.398656,51.153998
Julia Russo,31,26557 Green Path Suite 481,Conradshire,Alaska,67003,-152.142507,87.113975
Leslie Walker,70,457 Isaac Lodge Apt. 998,Thomasburgh,Tennessee,62774,-34.141183,68.3227055
John Jones,18,02385 Obrien Springs Apt. 347,Mariaborough,Arkansas,26989,126.188284,49.7673605
Christine Pittman,40,736 Delgado Ways Suite 581,Hutchinsontown,New Hampshire,57460,162.623362,-18.2266835
Mary Zhang,46,4718 Thompson Manor,Port Jill,Nevada,22864,-9.347582,-8.4548725
Brandon Bass,39,66997 Cox Port,West Tinachester,New York,08588,3.373263,-47.3242275
Tristan Huynh,68,11730 Johnson Junction,Marilynview,Louisiana,48812,110.667864,47.0465395
Joseph Williams,23,001 Nelson Common Suite 985,Lake Jeffrey,Nebraska,16972,71.416422,54.915181
Sophia Campbell,56,95713 Brett Road Apt. 893,South Jason,Georgia,81411,-113.302292,23.0455715
Kevin Cooper,46,90686 Tony Road Suite 115,Brendaton,Wyoming,77064,-86.973695,26.0743385
Sharon Briggs,29,37676 Weaver Lodge Suite 602,Emilyville,Alabama,12059,-99.825339,-64.6870785
Michelle Pratt,37,818 Deborah Turnpike,Porterville,Utah,02348,-27.337709,-6.1086735
Christina Allen,44,333 Lindsey Course,Lake Andremouth,Louisiana,06662,39.775188,-2.2343315
Carolyn Griffith,77,47589 Shaw Drive Apt. 921,New Melissamouth,West Virginia,43912,59.897840,71.7309915
Kenneth Allen,43,09340 Smith Loaf,East Jamesborough,New Hampshire,90849,-112.475793,-61.6574675
Julie Parker,39,617 Teresa Stravenue,Griffithland,Connecticut,52513,-29.752328,-7.765699
Amy Thomas,40,133 Walsh Mills,Johnsonmouth,Oregon,68266,128.769811,9.3006335
Kelsey Edwards,74,404 Hinton Ridges Suite 164,Moodychester,Connecticut,61053,97.865058,-52.8349045
Katrina Pearson,54,955 James Way,Kellyshire,Michigan,24470,113.313172,-86.6210135
Robert Olson,77,81184 Cherry Ramp Suite 797,Ashleychester,Florida,00952,-54.686136,-82.7136835
Dr. Robert Bright Jr.,59,899 Gutierrez Stravenue Suite 984,North Annaport,Connecticut,78758,25.207995,52.155264
Michelle Chang,49,0927 Hoover Circles Apt. 217,Jordanburgh,Ohio,25733,68.174268,26.126348
Robert Walker,68,9813 Mary Well,East Lisamouth,Tennessee,98563,24.364278,12.4171945
Morgan Johnson,66,3756 Macdonald Springs Suite 705,Amberside,Washington,43496,-153.443134,25.092617
Kevin Hardy,62,336 Horton Islands Apt. 243,Zacharyport,Hawaii,97603,143.466634,59.091023
Shelley Ferguson,80,90615 Lee Parkways,East Barbara,Pennsylvania,09412,-42.657616,-51.2753965
Jeffrey Guzman,60,7947 Steven Path,Victortown,Missouri,77133,90.483545,-38.1005465
Christopher Davis,68,5376 Sara Burg Apt. 631,Lake Karenbury,South Dakota,31131,-123.080188,83.015170
Jessica Gonzalez,37,8255 Laura Coves,Wagnerberg,Arizona,40670,60.432561,18.5048535
Jason Oliver,63,9718 Morgan Square Apt. 431,Michellemouth,Indiana,77242,152.027853,-76.098723
Andrea Hudson,58,78912 Collins Village Suite 049,Port Randymouth,South Carolina,01521,-119.753667,-81.257409
Jacqueline Ryan,38,4859 Hall Motorway Apt. 440,Woodtown,Massachusetts,97614,-73.434442,43.9955695
Linda Jenkins,41,566 Snyder Cove,New Dawn,West Virginia,22686,113.531910,-72.971278
Heather Johnston,21,657 Brittany Ford Apt. 870,Lake Cherylton,North Carolina,12257,-24.114237,-41.613678
Darrell Shaw,54,562 Laura Junctions,Lake Sharon,Michigan,96905,138.625380,-64.0432275
Nicholas Walker,72,5939 Michele Keys,Lake Tracy,Minnesota,11885,-148.345511,85.1969525
Karen Gross,59,700 Alicia Walk Suite 671,East Jillian,Alabama,07123,-135.987850,-9.841189
Valerie King,26,785 Erika Stravenue Suite 110,Lake Ronald,Minnesota,55587,-102.224652,-61.5946365
Martin Clark,25,508 Brown Street Apt. 339,Garrettland,Ohio,33657,86.271375,28.6231615
Sarah Saunders,29,28780 Wright Coves,Johnsonview,North Carolina,71019,42.524180,-71.094851
Emily Green,68,856 Lawrence Village Apt. 422,West Derek,Wisconsin,20256,-30.387416,-60.4434815
Thomas Cruz,64,918 Sheri Wall Apt. 529,West Lindseyville,Vermont,02804,11.270344,55.8391855
Donald Collins,50,997 Larry Ridge,Longville,Vermont,76053,27.017566,-50.3437055
Alexandra Pratt,80,7446 Jackie Square Apt. 441,East Jessicachester,Oklahoma,83138,-160.925305,-80.2818525
Tanya Lopez,44,155 Holmes Junctions,Simsmouth,Georgia,86055,-87.436613,47.5046775
Ellen Thomas,28,0562 Michael Common,South Manuel,Wyoming,06720,91.486794,2.468975
Jamie Hall,23,218 Bennett Road Apt. 386,Michaelfurt,Virginia,48911,177.626265,84.2406215
Caitlin Chase,78,427 Roberts Wells,Lake Justin,Rhode Island,88922,23.861843,-2.6862415
Thomas Ritter,50,957 Roberts Island Suite 749,Lauraburgh,Iowa,03788,22.044060,-22.6786115
Kevin Bright,53,34582 Tim Junctions Apt. 335,Smithside,Ohio,73828,-70.712991,24.8993295
Catherine Haynes,63,079 Ruben Forks Suite 066,South Jeremyhaven,Alabama,52028,-139.208517,-88.328936
Melanie Sanchez,32,76125 Elizabeth Skyway Suite 208,Lake Christopher,South Dakota,27127,114.723613,1.7615165
Jessica Thomas,56,867 Torres Passage Suite 230,South Christopherfurt,Kansas,49696,-21.319964,50.0121505
Jonathan Hahn,32,14782 Madden Corner Suite 686,South Taramouth,Idaho,72395,-36.621494,-83.240572
John Rodriguez,43,25503 Beverly Branch Apt. 931,West Kathleen,Virginia,03817,-7.077875,57.558944
Elaine Bowers,37,36744 Martin Cape Apt. 017,New Jordan,Nebraska,23898,30.008348,-33.3217205
Mark Buchanan,73,8050 Marisa Parkway Suite 858,Wrightborough,Indiana,35869,17.864664,38.1129565
Margaret Miller,34,041 Koch Center Apt. 248,New Angelaview,New York,82608,154.108601,-38.0900235
Robert Lin,34,36088 Larry Tunnel,Lake Kellihaven,Kansas,55968,66.781075,62.578973
Paul Washington,79,3406 Morales Parks Apt. 118,Morganhaven,Arizona,30234,-28.350933,-60.625017
Jacob Montgomery,29,01802 Thomas Drives,Hernandezfort,Indiana,22814,-74.883463,-78.662545
Samuel Mcclure,19,130 Martin Dam,East Tracy,Mississippi,83316,61.208952,-46.1182115
Jennifer Hill,46,18615 Angelica Plains,North Jason,Alabama,66158,71.948715,-41.7429195
Scott Soto,76,50946 Richard Overpass,South Tonystad,Idaho,95488,-172.812300,43.6169095
Tony Jackson,55,1147 Christy Centers,West Robert,South Dakota,81930,123.558393,79.0410215
David Webb,71,824 Brown Drive Apt. 278,South Rachel,Connecticut,25234,25.257726,77.2409915
John Phillips,72,746 Cortez Isle,Cherryborough,Hawaii,20038,73.751755,54.465900
Casey Garcia,36,66847 Amy Mission,New Billy,Hawaii,47719,94.825579,35.005957
Lisa Lara,38,75866 Steven Avenue,Stacyberg,Hawaii,67165,68.690595,-87.0613835
David Levine,59,5777 Lynch Stravenue Suite 152,Howardmouth,New Hampshire,17027,-148.750827,8.1925955
Nicole Villegas,73,086 Alvarado Manors Suite 606,Port Thomas,South Carolina,81473,-90.402077,-25.9176915
Mark Lucero,18,628 Henson Plaza,North Janicetown,Washington,39018,-64.654889,54.5077145
Megan Alvarez,65,863 Joseph Forge,Port Kathleenfurt,Iowa,96257,157.423815,-66.2378945
John Gutierrez,40,406 Brent Harbors Suite 162,Huffmanmouth,North Dakota,80717,64.961005,-55.504081
Cory Ellison,79,3490 Annette Springs,Port Taraberg,Michigan,16562,-84.097376,61.3081485
David Spears,67,44328 Stokes Turnpike,Emilyfort,Iowa,91472,128.638805,-31.884651
Laura Coleman,70,258 Tonya Drive,East Michaelbury,West Virginia,85824,176.967514,-29.562759
Cindy Miles DVM,58,43699 Nguyen Wells,Port David,South Carolina,33230,-126.450387,-78.635250
Jeremy Gonzales,25,40482 Johnson Port,Glennville,New Jersey,08198,-60.523311,-75.4405235
Michael King,33,152 Christopher Stream Suite 599,South Angelastad,Florida,43177,171.953415,-53.1746265
Christopher Baker,57,3443 Judy Greens Suite 234,Matthewville,Texas,06159,50.951534,7.1033915
James Anderson,19,24614 Kathy Wall Apt. 756,Millermouth,North Dakota,98489,-7.611281,74.820436
Philip Brown,54,289 Ruiz Mission Suite 444,Ryanview,Illinois,47661,13.806691,-42.086660
Gregory Shea,51,5846 Hardin Mills,New James,Alaska,43248,28.036095,-25.9370375
Robert Massey,18,31710 Taylor Groves Suite 568,Mooreburgh,Illinois,94764,124.650378,-11.3775345
Cole Cherry,45,27920 Berg Gateway,North Erica,New Hampshire,93329,-113.000761,-17.186047
Michelle Porter,27,17937 Joanna Avenue Apt. 429,Dukefort,Hawaii,86478,-65.221251,75.526876
John Davidson,61,6081 Joyce Curve,Port Erinview,Rhode Island,23897,-160.094348,78.723695
Susan Gonzalez MD,18,33112 Susan Well Suite 192,Port Travis,Minnesota,51692,-22.788894,-67.4041795
Justin Osborne,21,15079 Allen Springs,Port Robert,Vermont,21213,-4.638545,-37.3740575
Natalie Davidson,70,90462 Butler Prairie Suite 758,Port Samanthafurt,Maine,41110,-5.368191,-28.831327
Lisa Dunn,37,18285 Cuevas Drives,Kimberlyside,New Jersey,83532,-54.669124,73.679638
Tammy Hanson,33,5801 Jane Lake,Christopherfurt,Arizona,68735,-83.431183,48.5455895
Andrew Floyd,56,7293 George Pike,North Jerry,North Carolina,45941,-10.712823,40.4951025
Julie Holmes,25,3710 Foster Villages Suite 087,Lake Zachary,Massachusetts,08315,-135.199634,-2.985182
Andre Holland,76,1566 Suzanne Lane,Port Sarah,Georgia,81510,16.416451,59.923344
Brian Mays,42,02341 Marie Ridges,Brookstown,South Dakota,15279,133.147313,-73.6277745
Jennifer Lowery,44,71271 Cummings Fork,Cervantesbury,Arkansas,45830,176.929618,41.5016095
April Thomas,57,9341 Guerrero Fords Apt. 208,Butlerberg,West Virginia,51802,-7.579365,-37.620645
George Snow,43,585 Heather Terrace,West Nicholas,New York,14475,-175.432300,-53.0709475
Charles Taylor,60,23258 White Manors,Mitchellmouth,Montana,61319,91.402669,-11.193387
Elizabeth Smith,68,3446 Rivas Avenue Apt. 959,Lake Aaronshire,Hawaii,80446,-79.972849,-79.152944
Joshua Hernandez,18,447 Michael Burg,West Michael,Missouri,06424,-117.657801,59.6187795
Michelle Howard,51,4975 Aguilar Trail Suite 823,North Louis,Texas,44373,-118.729584,43.912354
Jessica Charles,20,461 Hayes Grove Apt. 419,Port Rebecca,Kansas,87208,161.507534,-59.7358535
William Rocha,42,78448 Timothy Fords,North Jeanne,Illinois,26163,-16.002672,-28.760892
Chelsea Russell,75,33980 Jenkins Freeway Apt. 869,West Emilyside,Colorado,29719,-45.719910,-86.6707275
Megan Allen,48,90270 Amy Pass Suite 989,Ralphfurt,Massachusetts,37796,-137.712029,-84.4583205
Mariah Williams,65,561 Lester Viaduct Apt. 604,Sandrafurt,South Dakota,09150,-71.224536,20.1133485
Katherine Snyder,51,627 Courtney Greens,New Monicamouth,Georgia,66928,154.055063,-82.342460
Jeffrey Frazier,21,5651 Julia Land Apt. 164,Peterschester,Oregon,85963,-28.803217,63.1189445
Julie Bautista,80,6454 Jay Centers Suite 582,East Martha,California,96510,-45.031295,12.6253795
Robert Dean,34,577 Chan Street Suite 398,Millerberg,New Jersey,03707,-61.024875,-87.070677
Douglas Johnson,36,352 Sarah Lodge,Tammyport,West Virginia,76907,64.099168,39.853326
Joshua Melton,60,2540 Russell Land,Quinnville,South Carolina,16719,175.576128,-33.248864
Michele Joseph,60,545 Michelle Roads Suite 558,New Joshua,Maine,36438,-161.793051,-15.914378
Amber Smith,26,5023 Fisher Club Apt. 897,Limouth,Florida,28652,32.345636,41.0667015
Jose Brown,57,4361 Christopher Track Suite 775,Courtneychester,West Virginia,48031,-143.069134,-6.2782185
Jose Atkins,47,43357 Joseph Extensions,East Annetteville,Kansas,07889,173.597620,-53.7486005
Keith Bryant,67,0755 Erin Ramp Suite 467,East Seth,Alaska,84313,-26.424095,-69.0995065
Adrian Stewart,43,8585 Micheal Union Suite 139,West Kimberlyfurt,Utah,33940,-64.105768,-24.504148
James Mccall,58,297 Crystal Harbor,Jennifermouth,Iowa,31366,78.007284,-17.186742
Thomas Dalton,35,79038 Higgins Forest,West Laura,Nebraska,56594,36.411008,19.161014
Robert Parsons,66,257 Vanessa Lights Apt. 938,East Kenneth,Tennessee,62326,162.369097,64.6000125
Paul Jones,66,2907 Dorothy Ranch,Masseyburgh,Indiana,27718,-46.661090,-74.8054235
Teresa Lopez,42,97185 Chen Village Suite 327,Shelbyside,Indiana,92613,89.555106,-61.767458
Emily West,48,74852 Rice Inlet,Jordanville,Hawaii,95478,102.609846,-49.177298
Rachel Eaton MD,48,5066 Tonya Squares Apt. 444,Matthewbury,Iowa,40995,-59.385385,58.4754455
Christina Stevens,41,2970 Anderson Lake Suite 014,Trevorstad,Utah,91615,-44.838201,14.3502615
James Johnson,70,44401 Meghan Turnpike Apt. 164,Port William,Idaho,14070,152.634238,-1.557004
Vickie Robbins,65,61303 Ashley Square,Barnesstad,North Carolina,50970,-74.681756,-56.6201775
Thomas Wright MD,77,72664 Tracy Junctions,South Haleymouth,Nevada,50317,80.376040,52.4802065
Brian Brady,26,4108 Thomas Stream,Port Angelaborough,Arkansas,66071,137.876627,-52.842325
Bailey Collins,18,37824 John Tunnel,Burtonside,Vermont,72025,114.123691,46.3152115
Karen Martin,45,73754 Christine Ferry,Levimouth,Kansas,08412,-149.040593,-87.508571
Jessica Ward,34,8703 Miller Courts Suite 909,Daisyside,New Hampshire,54196,-118.114269,-36.3253155
Lisa Oconnell,24,44105 Smith Shoals,North Eric,Maryland,70313,28.930185,-66.4795365
Lisa Patterson,20,02752 Jonathan Mission Suite 818,Warrenberg,Mississippi,49070,-125.593695,7.1483845
Rebecca Williams,68,220 Adams Terrace Apt. 958,North Danielfurt,South Carolina,58323,126.454325,73.9554625
Maureen Taylor,50,50631 Brewer Rapids,Bowersmouth,Tennessee,81603,65.364197,-54.753207
Brittany Vasquez,62,2906 Castillo Bypass,Davisburgh,Connecticut,27575,-67.463758,60.178442
Tony Carrillo,68,925 Massey Crossroad,East Jesseland,Connecticut,45584,-85.042370,-20.407447
Robin Blackburn,37,093 Gonzalez Flats Suite 824,Lake Danielview,Pennsylvania,67094,32.543351,11.473091
Steven Martinez,74,8550 Roberts Prairie Suite 812,South Rhonda,Virginia,61213,121.401333,-85.8596735
Andrew Williamson DDS,20,042 Alexandra Ranch,New Erinview,Tennessee,33013,-7.045647,-37.3658455
Crystal Lowe,56,36287 Roberts Road,Michaelmouth,Rhode Island,77517,-5.104177,19.157120
Gwendolyn Mathis,42,182 Campbell Row,East Emily,Nebraska,86918,86.347595,-86.793651
